date,dow,month,asia_range,asia_net,london_range,london_net,preNY_range,preNY_net,preNY_vol,ny_open,ny_close,ny_net,ny_range,ny_close_pos,fh_net,rest_net,vol_ny,gap_open,prev_net,prev_range,took_prev_high,took_prev_low,both_swept,first_sweep,post_sweep_net,atr5
2024-07-15,0,7,11.9,-5.2,19.7,11.6,19.7,6.4,3.121,2419.5,2426.0,6.5,28.7,0.338,4.2,2.3,113829,0.0,0.0,0.0,0,0,0,none,0.0,28.7
2024-07-16,1,7,13.8,12.7,14.7,-1.1,24.0,11.7,3.231,2437.0,2473.5,36.5,38.2,0.997,10.5,26.0,124865,11.0,6.5,28.7,1,0,0,high,26.0,28.7
2024-07-17,2,7,20.8,-2.3,14.5,6.8,20.8,4.5,4.731,2478.2,2462.3,-15.9,32.9,0.207,9.5,-25.3,140763,4.7,36.5,38.2,1,0,0,high,-25.4,33.45
2024-07-18,3,7,14.3,12.4,13.8,-7.8,17.4,4.7,2.881,2467.2,2445.6,-21.6,30.3,0.089,0.2,-21.8,105962,4.9,-15.9,32.9,0,1,0,low,-13.7,33.27
2024-07-19,4,7,30.6,-24.3,20.9,-16.5,43.9,-40.8,3.033,2405.8,2400.7,-5.1,15.0,0.333,0.0,-5.0,106477,-39.8,-21.6,30.3,0,1,0,low,-5.1,32.53
2024-07-22,0,7,13.7,-8.9,19.8,-8.2,24.2,-17.0,2.877,2395.7,2400.6,4.9,16.6,0.928,-1.6,6.6,91804,-5.0,-5.1,15.0,0,1,0,low,6.5,29.02
2024-07-23,1,7,16.1,-5.0,22.4,15.3,24.3,10.4,3.253,2406.7,2408.5,1.8,9.7,0.825,-3.5,5.3,74101,6.1,4.9,16.6,1,0,0,high,5.3,26.6
2024-07-24,2,7,14.6,8.5,12.4,4.0,17.3,12.4,2.543,2422.4,2399.0,-23.4,34.3,0.009,0.3,-23.6,143775,13.9,1.8,9.7,1,1,1,high,-23.7,20.9
2024-07-25,3,7,50.0,-26.5,20.2,-0.6,53.7,-27.2,8.37,2370.3,2361.7,-8.6,24.1,0.407,-6.1,-2.5,111010,-28.7,-23.4,34.3,0,1,0,low,-2.5,21.18
2024-07-26,4,7,23.4,5.9,11.0,8.3,23.4,14.2,3.563,2376.4,2385.4,9.0,17.1,0.749,4.0,4.8,71019,14.7,-8.6,24.1,1,0,0,high,5.0,19.94
2024-07-29,0,7,13.7,-4.8,9.5,2.1,17.2,-2.6,2.989,2391.9,2380.1,-11.8,27.2,0.471,-2.0,-9.9,157505,6.5,9.0,17.1,1,1,1,high,-9.8,20.36
2024-07-30,1,7,14.2,6.9,54.6,43.9,63.7,50.8,16.62,2383.8,2452.2,68.4,74.5,0.929,55.5,13.1,102031,3.7,-11.8,27.2,1,0,0,high,12.9,22.48
2024-07-31,2,7,21.2,11.7,7.7,-1.0,21.2,10.7,3.485,2465.3,2495.3,30.0,34.0,0.962,5.9,24.0,90594,13.1,68.4,74.5,1,0,0,high,24.1,35.44
2024-08-01,3,8,21.2,-3.3,25.4,6.1,28.8,2.9,4.893,2495.0,2487.4,-7.6,28.0,0.314,2.8,-10.7,109292,-0.3,30.0,34.0,1,0,0,high,-10.4,35.38
2024-08-02,4,8,33.9,20.5,22.6,7.4,43.0,27.8,5.1,2517.0,2480.0,-37.0,65.5,0.411,-4.0,-36.8,175790,29.6,-7.6,28.0,1,1,1,high,-33.0,36.16
2024-08-05,0,8,45.1,-13.6,81.3,-55.9,97.0,-69.5,11.098,2414.2,2449.0,34.8,40.5,0.859,19.9,15.6,107609,-65.8,-37.0,65.5,0,1,0,low,14.9,45.84
2024-08-06,1,8,24.9,-8.2,25.0,-8.7,27.4,-16.8,6.927,2433.4,2428.8,-4.6,22.3,0.314,2.8,-7.4,87135,-15.6,34.8,40.5,0,0,0,none,0.0,48.5
2024-08-07,2,8,18.8,5.2,19.3,9.4,28.5,14.8,3.441,2444.3,2425.5,-18.8,21.4,0.075,-4.0,-14.6,72803,15.5,-4.6,22.3,1,0,0,high,-14.8,38.06
2024-08-08,3,8,18.2,13.8,23.8,10.9,33.8,24.6,3.431,2447.4,2463.1,15.7,24.6,0.89,6.0,9.7,90472,21.9,-18.8,21.4,1,0,0,high,9.7,35.54
2024-08-09,4,8,12.6,-5.1,12.7,9.1,16.1,3.9,3.63,2469.2,2468.6,-0.6,16.5,0.521,-3.1,2.6,81590,6.1,15.7,24.6,1,0,0,high,2.5,34.86
2024-08-12,0,8,13.5,6.5,10.4,7.9,22.1,14.6,2.328,2483.9,2510.6,26.7,30.5,0.957,9.8,16.9,96656,15.3,-0.6,16.5,1,0,0,high,16.9,25.06
2024-08-13,1,8,18.6,-10.4,14.3,4.0,19.1,-6.5,2.809,2507.3,2506.9,-0.4,16.7,0.521,7.4,-5.0,62172,-3.3,26.7,30.5,1,0,0,high,-7.8,23.06
2024-08-14,2,8,17.7,1.5,18.9,1.7,25.2,2.9,3.054,2507.9,2485.5,-22.4,32.6,0.285,-11.7,-10.6,97902,1.0,-0.4,16.7,0,1,0,low,-10.7,21.94
2024-08-15,3,8,16.7,8.1,30.0,-15.2,30.0,-7.1,6.352,2478.5,2493.5,15.0,30.2,0.805,3.4,11.8,80661,-7.0,-22.4,32.6,0,1,0,low,11.6,24.18
2024-08-16,4,8,9.5,0.0,42.0,38.1,43.2,38.1,5.692,2530.6,2546.5,15.9,31.6,0.972,2.7,13.2,121746,37.1,15.0,30.2,1,0,0,high,13.2,25.3
2024-08-19,0,8,11.9,-3.1,21.4,-11.2,21.4,-14.2,3.977,2529.5,2543.9,14.4,22.1,0.914,3.4,11.1,64993,-17.0,15.9,31.6,0,0,0,none,0.0,28.32
2024-08-20,1,8,11.3,-1.9,28.7,24.8,32.9,22.8,3.815,2565.3,2553.2,-12.1,31.8,0.459,3.2,-15.2,98160,21.4,14.4,22.1,1,0,0,high,-15.3,26.64
2024-08-21,2,8,9.2,-0.6,12.2,-3.9,15.4,-4.4,2.367,2548.6,2549.5,0.9,29.1,0.732,-7.8,8.8,79745,-4.6,-12.1,31.8,0,1,0,low,8.7,29.66
2024-08-22,3,8,15.3,-6.9,14.8,-6.9,20.1,-13.8,3.066,2536.9,2518.4,-18.5,31.5,0.381,-13.4,-5.3,96608,-12.6,0.9,29.1,0,1,0,low,-5.1,28.96
2024-08-23,4,8,11.0,7.8,10.9,8.4,17.7,16.4,1.786,2536.9,2546.6,9.7,24.4,0.676,-3.1,12.7,99225,18.5,-18.5,31.5,1,0,0,high,12.8,29.22
2024-08-26,0,8,8.3,2.2,13.6,8.9,19.2,11.1,2.562,2559.5,2553.7,-5.8,16.2,0.469,-7.9,2.1,59653,12.9,9.7,24.4,1,0,0,high,2.1,27.78
2024-08-27,1,8,12.0,-2.6,14.2,-4.9,14.4,-7.5,3.898,2544.9,2560.4,15.5,22.5,0.956,2.9,13.0,73495,-8.8,-5.8,16.2,0,1,0,low,12.6,26.6
2024-08-28,2,8,26.4,-17.7,18.4,-7.8,36.5,-25.6,2.983,2535.3,2542.0,6.7,14.7,0.762,5.8,0.9,69063,-25.1,15.5,22.5,0,1,0,low,0.9,24.74
2024-08-29,3,8,14.8,9.7,21.3,-7.7,21.3,2.1,3.947,2542.5,2554.4,11.9,20.9,0.627,7.6,4.4,74674,0.5,6.7,14.7,1,0,0,high,4.3,21.86
2024-08-30,4,8,11.9,-3.2,12.0,2.4,14.4,-0.9,3.107,2553.0,2534.7,-18.3,26.4,0.307,-4.0,-14.1,90437,-1.4,11.9,20.9,0,1,0,low,-7.4,19.74
2024-09-03,1,9,6.7,3.4,22.2,-4.7,22.2,-1.2,3.764,2525.3,2523.6,-1.7,24.6,0.78,-13.7,11.9,92833,-9.4,-18.3,26.4,0,1,0,low,12.0,20.14
2024-09-04,2,9,13.7,-9.0,19.8,2.0,25.7,-7.1,4.712,2517.4,2524.3,6.9,18.7,0.615,-1.0,8.1,80179,-6.2,-1.7,24.6,1,0,0,high,-2.9,21.82
2024-09-05,3,9,13.4,8.8,21.1,13.9,30.3,22.6,3.095,2548.1,2545.2,-2.9,17.2,0.669,-3.4,0.3,67828,23.8,6.9,18.7,1,0,0,high,0.5,21.06
2024-09-06,4,9,9.1,3.3,22.5,3.1,22.5,6.2,2.393,2552.4,2525.4,-27.0,39.3,0.293,-13.1,-13.7,146940,7.2,-2.9,17.2,1,1,1,both_same_hour,-13.9,21.56
2024-09-09,0,9,15.3,-8.5,15.8,11.4,19.3,3.0,3.684,2530.1,2535.1,5.0,13.6,0.949,-1.1,6.2,60012,4.7,-27.0,39.3,0,0,0,none,0.0,25.24
2024-09-10,1,9,6.9,-1.8,14.1,8.5,14.1,6.6,2.812,2542.8,2546.3,3.5,17.8,0.933,-6.9,10.5,83675,7.7,5.0,13.6,1,0,0,high,10.4,22.68
2024-09-11,2,9,14.4,10.1,26.1,-17.3,27.3,-7.1,4.151,2537.9,2541.5,3.6,17.4,0.569,0.5,3.3,88948,-8.4,3.5,17.8,1,0,0,high,-2.6,21.32
2024-09-12,3,9,11.3,3.9,23.2,12.3,25.4,16.3,3.541,2556.7,2586.2,29.5,37.7,0.96,17.1,12.4,137204,15.2,3.6,17.4,1,0,0,high,12.4,21.06
2024-09-13,4,9,14.0,9.4,12.6,8.8,19.0,18.2,2.574,2603.9,2611.0,7.1,13.2,0.742,1.9,5.4,83217,17.7,29.5,37.7,1,0,0,high,5.2,25.16
2024-09-16,0,9,11.1,4.7,13.7,-2.3,14.9,2.4,2.847,2612.0,2609.9,-2.1,13.1,0.473,3.8,-5.8,50846,1.0,7.1,13.2,1,0,0,high,-5.9,19.94
2024-09-17,1,9,12.5,0.9,17.8,-6.6,18.8,-5.8,3.543,2604.7,2595.4,-9.3,22.2,0.365,-4.2,-5.0,69714,-5.2,-2.1,13.1,0,1,0,low,-5.1,19.84
2024-09-18,2,9,11.0,-1.9,13.0,7.3,15.4,5.7,2.719,2602.8,2575.0,-27.8,54.7,0.046,-4.3,-23.5,160993,7.4,-9.3,22.2,1,1,1,high,-26.9,20.72
2024-09-19,3,9,28.2,16.7,22.4,1.0,45.2,17.6,5.921,2600.2,2613.3,13.1,23.9,0.795,-0.1,13.4,79442,25.2,-27.8,54.7,0,0,0,none,0.0,28.18
2024-09-20,4,9,23.8,18.3,17.5,10.1,36.2,28.7,3.343,2640.9,2646.1,5.2,23.5,0.791,-9.0,14.2,106480,27.6,13.1,23.9,1,0,0,high,14.2,25.42
2024-09-23,0,9,15.4,4.2,14.4,2.7,17.5,6.8,3.745,2651.9,2651.0,-0.9,9.4,0.064,4.7,-5.6,82064,5.8,5.2,23.5,1,0,0,high,-5.6,27.48
2024-09-24,1,9,16.1,1.0,13.9,4.6,17.5,5.9,4.863,2658.1,2687.7,29.6,33.6,0.949,2.1,27.4,109249,7.1,-0.9,9.4,1,0,0,high,27.5,26.74
2024-09-25,2,9,17.1,-4.5,11.1,4.3,20.7,0.1,3.971,2683.8,2683.8,0.0,18.5,0.562,5.2,-4.9,99143,-3.9,29.6,33.6,1,0,0,high,-5.2,29.02
2024-09-26,3,9,8.2,2.6,26.3,15.6,30.2,18.4,3.737,2700.4,2696.6,-3.8,25.3,0.755,-16.9,13.1,103874,16.6,0.0,18.5,1,0,0,high,13.1,21.78
2024-09-27,4,9,12.0,-6.8,15.9,4.6,15.9,-2.3,2.701,2692.5,2674.5,-18.0,28.3,0.325,-3.6,-14.3,108010,-4.1,-3.8,25.3,0,1,0,low,2.7,22.06
2024-09-30,0,9,18.9,-4.8,26.6,-19.1,31.9,-23.8,4.836,2660.8,2652.8,-8.0,17.4,0.379,-3.7,-4.2,75076,-13.7,-18.0,28.3,0,1,0,low,-4.3,23.02
2024-10-01,1,10,11.4,10.0,15.4,6.6,22.9,16.7,1.632,2673.2,2679.9,6.7,25.2,0.413,16.6,-10.9,136270,20.4,-8.0,17.4,1,0,0,high,-9.9,24.62
2024-10-02,2,10,17.8,-12.5,12.0,0.2,18.3,-12.3,3.071,2670.8,2679.8,9.0,22.7,0.78,10.0,-1.2,65307,-9.1,6.7,25.2,0,1,0,low,10.6,22.94
2024-10-03,3,10,11.6,-3.3,15.9,-13.8,22.6,-17.0,3.394,2662.6,2677.9,15.3,24.6,0.817,5.0,10.6,76784,-17.2,9.0,22.7,0,1,0,low,10.3,23.78
2024-10-04,4,10,13.8,4.7,31.6,-21.4,36.1,-17.0,6.588,2658.4,2671.6,13.2,33.5,0.433,13.5,-0.3,111524,-19.5,15.3,24.6,1,1,1,low,-0.3,23.64
2024-10-07,0,10,12.9,-7.5,21.9,-3.0,21.9,-10.5,5.64,2659.7,2662.5,2.8,14.5,0.262,2.5,0.3,60373,-11.9,13.2,33.5,0,0,0,none,0.0,24.68
2024-10-08,1,10,14.6,-7.4,25.1,9.6,25.1,2.0,5.205,2665.1,2641.9,-23.2,43.5,0.425,-6.4,-16.9,126193,2.6,2.8,14.5,0,1,0,low,-16.8,24.1
2024-10-09,2,10,14.1,-9.6,13.4,6.3,15.3,-3.5,2.764,2637.4,2627.5,-9.9,16.5,0.285,-9.4,-0.6,70047,-4.5,-23.2,43.5,0,1,0,low,-0.8,27.76
2024-10-10,3,10,10.8,3.8,25.6,12.3,25.6,16.1,4.047,2642.2,2646.5,4.3,16.6,0.861,2.0,2.3,114596,14.7,-9.9,16.5,1,0,0,high,2.3,26.52
2024-10-11,4,10,19.3,11.1,14.2,3.7,21.8,14.7,3.585,2660.7,2672.9,12.2,19.0,0.679,6.2,6.1,77001,14.2,4.3,16.6,1,0,0,high,6.0,24.92
2024-10-14,0,10,24.2,14.0,16.3,-12.8,24.2,1.2,3.463,2668.2,2669.3,1.1,17.7,0.492,3.9,-3.0,51158,-4.7,12.2,19.0,0,0,0,none,0.0,22.02
2024-10-15,1,10,14.9,-1.5,12.0,-0.2,19.9,-1.7,3.168,2664.7,2678.3,13.6,23.1,0.671,0.2,13.2,82871,-4.6,1.1,17.7,1,0,0,high,1.9,22.66
2024-10-16,2,10,19.2,15.2,9.7,4.5,24.5,19.6,3.636,2698.2,2691.0,-7.2,19.4,0.407,-6.7,-0.6,77242,19.9,13.6,23.1,1,0,0,high,-0.5,18.58
2024-10-17,3,10,12.3,7.5,16.0,-1.0,16.0,6.5,3.744,2695.8,2707.2,11.4,19.7,0.721,8.5,2.8,86322,4.8,-7.2,19.4,1,0,0,high,2.9,19.16
2024-10-18,4,10,22.0,15.3,15.4,2.0,25.0,17.1,3.955,2724.7,2734.9,10.2,16.5,0.891,4.2,5.9,79221,17.5,11.4,19.7,1,0,0,high,6.0,19.78
2024-10-21,0,10,11.9,6.8,14.3,8.3,18.6,14.9,2.874,2753.5,2734.7,-18.8,26.9,0.23,0.3,-19.1,103877,18.6,10.2,16.5,1,0,0,high,-19.1,19.28
2024-10-22,1,10,16.9,14.3,9.9,1.3,19.0,15.5,3.69,2750.5,2762.8,12.3,15.2,0.974,-0.2,12.4,89427,15.8,-18.8,26.9,1,0,0,high,12.5,21.12
2024-10-23,2,10,15.2,3.2,18.1,-7.3,20.5,-4.1,3.915,2757.2,2729.7,-27.5,35.9,0.212,-6.0,-21.6,123381,-5.6,12.3,15.2,0,1,0,low,-21.5,19.54
2024-10-24,3,10,18.6,16.8,9.7,4.2,24.1,21.0,1.944,2752.1,2749.7,-2.4,21.2,0.689,-5.7,3.1,88951,22.4,-27.5,35.9,0,0,0,none,0.0,22.84
2024-10-25,4,10,11.3,-2.2,16.0,-0.6,18.7,-2.9,3.621,2744.1,2755.3,11.2,20.2,0.876,-3.9,15.2,69442,-5.6,-2.4,21.2,1,0,0,high,-1.7,23.14
2024-10-28,0,10,19.6,5.8,15.6,-6.0,19.6,-0.1,3.252,2746.6,2754.7,8.1,13.3,0.729,6.5,1.7,66520,-8.7,11.2,20.2,1,0,0,high,-1.8,23.88
2024-10-29,1,10,17.1,13.6,10.9,-6.4,17.1,7.2,3.331,2761.3,2784.6,23.3,26.9,0.9,12.1,11.2,116242,6.6,8.1,13.3,1,0,0,high,11.2,21.16
2024-10-30,2,10,15.8,12.2,15.3,-5.0,16.8,7.3,3.005,2794.4,2799.0,4.6,19.4,0.856,-4.8,9.4,99490,9.8,23.3,26.9,1,0,0,high,9.4,23.5
2024-10-31,3,10,10.6,-7.3,12.4,-6.5,18.8,-13.8,2.715,2784.2,2756.6,-27.6,42.7,0.347,-18.4,-9.1,145155,-14.8,4.6,19.4,0,1,0,low,-9.2,20.2
2024-11-01,4,11,12.4,5.4,15.2,2.4,15.5,7.9,2.52,2763.9,2743.8,-20.1,29.8,0.04,2.2,-22.4,90773,7.3,-27.6,42.7,0,0,0,none,0.0,24.5
2024-11-04,0,11,9.8,-2.6,15.5,11.1,15.5,8.5,3.693,2756.1,2746.5,-9.6,16.5,0.333,-3.5,-6.4,62787,12.3,-20.1,29.8,0,1,0,low,2.7,26.42
2024-11-05,1,11,16.8,0.5,15.0,8.6,22.6,9.2,4.106,2753.9,2752.1,-1.8,17.3,0.572,2.3,-4.1,71170,7.4,-9.6,16.5,1,0,0,high,-4.1,27.06
2024-11-06,2,11,49.0,-20.0,75.9,-62.2,91.9,-82.3,13.743,2672.2,2669.3,-2.9,26.3,0.327,-3.8,0.9,120643,-79.9,-1.8,17.3,0,1,0,low,0.9,25.14
2024-11-07,3,11,24.4,-1.2,28.2,21.8,42.2,20.7,6.228,2691.8,2711.9,20.1,28.7,0.777,7.5,12.7,139056,22.5,-2.9,26.3,1,0,0,high,12.6,26.52
2024-11-08,4,11,30.5,-19.6,19.9,10.8,30.5,-8.9,3.59,2705.3,2692.8,-12.5,21.5,0.121,-6.1,-6.2,108543,-6.6,20.1,28.7,0,0,0,none,0.0,23.72
2024-11-11,0,11,20.3,-16.5,42.1,-34.3,52.9,-50.8,6.172,2642.1,2628.4,-13.7,25.2,0.448,-13.1,-0.5,139266,-50.7,-12.5,21.5,0,1,0,low,-0.6,22.06
2024-11-12,1,11,31.7,-25.7,27.3,13.3,37.7,-12.2,5.239,2618.3,2606.1,-12.2,25.3,0.289,-1.4,-10.7,113775,-10.1,-13.7,25.2,0,1,0,low,-10.8,23.8
2024-11-13,2,11,15.2,7.1,18.3,6.5,21.1,13.7,2.915,2618.6,2579.4,-39.2,43.8,0.014,-10.8,-28.3,134808,12.5,-12.2,25.3,0,1,0,low,-12.1,25.4
2024-11-14,3,11,23.9,-13.3,23.8,0.3,37.5,-13.1,5.395,2562.0,2572.5,10.5,23.5,0.566,2.6,7.9,104889,-17.4,-39.2,43.8,0,1,0,low,7.9,28.9
2024-11-15,4,11,17.6,-3.7,15.3,1.6,21.5,-2.2,3.42,2569.6,2566.7,-2.9,17.1,0.175,7.9,-10.8,79900,-2.9,10.5,23.5,0,0,0,none,0.0,27.86
2024-11-18,0,11,27.5,11.3,23.6,21.5,35.5,32.7,4.95,2608.5,2614.4,5.9,12.3,0.585,4.5,2.2,72208,41.8,-2.9,17.1,1,0,0,high,1.4,26.98
2024-11-19,1,11,15.6,6.2,20.9,16.5,28.4,22.5,4.702,2639.1,2637.4,-1.7,16.4,0.787,-12.2,10.5,73545,24.7,5.9,12.3,1,0,0,high,10.5,24.4
2024-11-20,2,11,21.1,-13.4,22.2,15.1,23.4,1.6,3.826,2639.7,2652.3,12.6,21.5,0.688,7.0,5.8,79927,2.3,-1.7,16.4,1,0,0,high,5.6,22.62
2024-11-21,3,11,14.1,10.7,13.4,2.5,23.1,13.1,3.716,2668.1,2674.1,6.0,12.9,0.814,-0.7,6.8,85386,15.8,12.6,21.5,1,0,0,high,6.7,18.16
2024-11-22,4,11,31.0,27.8,21.1,-4.1,41.6,23.8,5.344,2695.1,2707.8,12.7,27.3,0.784,1.7,10.7,88544,21.0,6.0,12.9,1,0,0,high,11.0,16.04
2024-11-25,0,11,61.9,-52.1,21.6,10.5,61.9,-41.8,7.743,2679.7,2627.3,-52.4,63.5,0.169,-37.1,-15.2,152479,-28.1,12.7,27.3,0,1,0,low,-15.3,18.08
2024-11-26,1,11,23.8,3.5,29.9,15.7,33.9,19.2,5.678,2629.9,2632.1,2.2,17.4,0.885,-6.9,9.1,71486,2.6,-52.4,63.5,0,0,0,none,0.0,28.32
2024-11-27,2,11,21.6,14.9,41.3,34.6,56.2,48.9,10.912,2681.4,2662.2,-19.2,47.7,0.587,-4.9,11.9,123383,49.3,2.2,17.4,1,0,0,high,-14.3,28.52
2024-11-29,4,11,31.5,0.5,35.4,-3.2,36.2,-2.6,3.539,2681.5,2681.0,-0.5,34.1,0.839,-4.1,3.4,204959,19.3,-19.2,47.7,1,0,0,high,3.6,33.76
2024-12-02,0,12,48.6,-16.5,46.2,18.1,50.4,1.6,4.738,2670.3,2660.1,-10.2,39.3,0.621,-1.3,-8.8,57894,-10.7,-0.5,34.1,0,1,0,low,-8.9,38.0
2024-12-03,1,12,34.6,2.4,36.1,8.4,38.1,10.7,4.394,2675.6,2664.4,-11.2,42.4,0.67,-6.4,-5.2,60419,15.5,-10.2,39.3,1,0,0,high,-4.8,40.4
2024-12-04,2,12,34.4,-1.1,34.9,7.7,36.6,6.5,4.943,2671.2,2674.5,3.3,33.7,0.777,1.4,21.8,72887,6.8,-11.2,42.4,1,0,0,high,-5.2,36.18
2024-12-05,3,12,30.2,-0.5,33.4,-0.9,35.5,-1.5,3.592,2672.3,2654.5,-17.8,48.1,0.599,-8.8,-9.1,78235,-2.2,3.3,33.7,0,1,0,low,-9.0,39.44
2024-12-06,4,12,49.2,5.2,30.6,-4.3,50.4,0.8,6.307,2657.1,2653.9,-3.2,36.7,0.733,0.0,-3.1,59607,2.6,-17.8,48.1,0,0,0,none,0.0,39.52
2024-12-09,0,12,42.4,10.1,37.9,16.2,58.7,26.5,6.184,2688.8,2680.8,-8.0,38.4,0.5,8.7,-16.6,71913,34.9,-3.2,36.7,1,0,0,high,-16.7,40.04
2024-12-10,1,12,35.9,3.6,42.2,17.9,44.8,21.4,6.528,2704.3,2718.2,13.9,34.3,0.915,9.5,4.5,75425,23.5,-8.0,38.4,1,0,0,high,4.4,39.86
2024-12-11,2,12,41.0,2.4,41.5,6.0,47.9,8.3,4.2,2709.6,2752.7,43.1,50.1,0.86,32.6,10.6,106124,-8.6,13.9,34.3,1,0,0,high,10.5,38.24
2024-12-12,3,12,18.2,-4.9,41.3,-22.8,47.3,-27.7,4.467,2726.3,2704.1,-22.2,50.7,0.527,-15.3,-6.7,109578,-26.4,43.1,50.1,0,1,0,low,-6.9,41.52
2024-12-13,4,12,31.6,0.4,47.4,-24.1,57.4,-23.8,5.479,2681.1,2665.7,-15.4,33.3,0.459,-1.7,-13.6,64350,-23.0,-22.2,50.7,0,1,0,low,-13.7,42.04
2024-12-16,0,12,13.0,3.0,26.3,9.0,26.3,12.1,2.911,2681.3,2670.1,-11.2,31.2,0.612,-7.8,-3.3,43016,15.6,-15.4,33.3,0,0,0,none,0.0,41.36
2024-12-17,1,12,23.9,1.9,37.7,-20.1,43.3,-18.4,4.394,2650.0,2660.5,10.5,32.1,0.85,-0.1,10.8,51632,-20.1,-11.2,31.2,0,1,0,low,10.6,39.92
2024-12-18,2,12,10.3,-3.8,9.0,0.0,11.1,-3.9,2.151,2659.9,2606.9,-53.0,59.1,0.088,-5.9,-47.0,95995,-0.6,10.5,32.1,0,1,0,low,-12.6,39.48
2024-12-19,3,12,34.5,28.4,32.1,-20.0,39.5,8.3,6.444,2609.9,2612.3,2.4,15.0,0.753,-3.4,6.0,64735,3.0,-53.0,59.1,0,1,0,low,9.2,41.28
2024-12-20,4,12,17.8,11.3,15.1,5.1,25.8,16.5,4.475,2625.1,2642.9,17.8,29.9,0.635,9.0,8.8,72973,12.8,2.4,15.0,1,0,0,high,8.8,34.14
2024-12-23,0,12,12.6,2.4,19.3,-12.6,19.6,-10.2,2.889,2631.2,2626.5,-4.7,10.6,0.311,-1.5,-3.3,42869,-11.7,17.8,29.9,0,1,0,low,-5.5,33.46
2024-12-24,1,12,7.7,2.0,8.5,-3.3,9.6,-1.3,1.586,2628.6,2633.5,4.9,11.6,0.802,-3.6,8.5,20095,2.1,-4.7,10.6,1,0,0,high,-0.7,29.34
2024-12-26,3,12,5.6,-3.8,10.6,-1.1,10.6,-4.9,1.631,2638.9,2654.8,15.9,17.1,0.947,7.3,8.6,38465,5.4,4.9,11.6,1,0,0,high,8.6,25.24
2024-12-27,4,12,6.7,-4.0,16.6,-15.3,21.8,-19.4,3.313,2633.5,2631.6,-1.9,11.8,0.542,-3.8,1.9,40918,-21.3,15.9,17.1,0,1,0,low,1.9,16.84
2024-12-30,0,12,13.1,-10.0,18.9,-10.5,22.7,-20.6,5.499,2618.1,2621.9,3.8,18.4,0.734,5.6,-1.8,51881,-13.5,-1.9,11.8,0,1,0,low,-1.8,16.2
2024-12-31,1,12,12.2,5.7,12.3,-0.4,15.4,5.4,2.768,2625.6,2637.8,12.2,18.5,0.773,1.1,11.1,44063,3.7,3.8,18.4,1,0,0,high,11.1,13.9
2025-01-02,3,1,5.2,2.1,18.1,8.3,18.1,10.5,1.77,2656.2,2672.6,16.4,21.0,0.924,4.5,11.8,70268,18.4,12.2,18.5,1,0,0,high,11.9,15.48
2025-01-03,4,1,13.1,-1.7,16.5,-5.5,24.0,-7.2,2.894,2664.0,2651.9,-12.1,16.5,0.079,-2.5,-9.7,48678,-8.6,16.4,21.0,0,1,0,low,-1.5,17.36
2025-01-06,0,1,24.4,-14.9,33.0,-4.1,33.0,-19.1,7.782,2634.5,2645.2,10.7,28.1,0.733,8.7,1.8,67720,-17.4,-12.1,16.5,0,1,0,low,2.0,17.24
2025-01-07,1,1,14.1,6.9,27.3,24.4,35.0,31.2,3.779,2676.4,2664.8,-11.6,23.1,0.476,-3.9,-7.2,77242,31.2,10.7,28.1,1,0,0,high,-7.7,20.5
2025-01-08,2,1,10.1,2.6,16.0,8.4,16.5,11.0,2.9,2674.7,2680.6,5.9,21.7,0.705,2.5,3.5,109781,9.9,-11.6,23.1,1,0,0,high,3.4,21.44
2025-01-09,3,1,10.2,-0.3,19.9,12.6,23.1,12.2,2.977,2691.3,2691.2,-0.1,13.2,0.712,0.6,-0.6,61885,10.7,5.9,21.7,1,0,0,high,-0.7,22.08
2025-01-10,4,1,10.5,6.6,27.4,13.0,27.4,19.5,3.546,2713.0,2716.7,3.7,23.5,0.221,10.4,-6.3,158332,21.8,-0.1,13.2,1,0,0,high,-6.7,20.52
2025-01-13,0,1,15.7,-12.7,35.6,-18.7,43.9,-31.5,3.455,2689.4,2680.2,-9.2,17.6,0.284,0.7,-9.9,81859,-27.3,3.7,23.5,0,1,0,low,-9.9,21.92
2025-01-14,1,1,8.7,-2.8,18.3,-8.1,18.3,-10.8,2.277,2675.1,2690.2,15.1,18.3,0.984,3.1,11.8,80050,-5.1,-9.2,17.6,0,1,0,low,12.0,19.82
2025-01-15,2,1,14.9,6.0,19.5,18.5,31.8,24.5,3.674,2716.5,2719.6,3.1,22.3,0.969,-12.2,15.4,101525,26.3,15.1,18.3,1,0,0,high,15.3,18.86
2025-01-16,3,1,11.2,3.6,21.0,16.9,26.8,20.5,4.425,2744.1,2747.0,2.9,15.1,0.278,4.9,-1.7,78215,24.5,3.1,22.3,1,0,0,high,-2.0,18.98
2025-01-17,4,1,9.3,-4.2,15.1,-3.9,19.2,-8.0,3.786,2736.7,2739.0,2.3,25.1,0.195,8.3,-6.0,76307,-10.3,2.9,15.1,1,1,1,low,-6.0,19.36
2025-01-21,1,1,10.8,-3.4,17.5,-4.2,21.3,-7.4,3.067,2737.5,2755.8,18.3,25.6,0.758,16.4,2.0,81266,-1.5,2.3,25.1,1,0,0,high,-2.3,19.68
2025-01-22,2,1,15.0,3.1,14.9,6.0,17.1,9.3,3.616,2767.8,2766.6,-1.2,13.4,0.522,-4.2,3.1,66994,12.0,18.3,25.6,1,0,0,high,3.0,21.28
2025-01-23,3,1,7.7,-2.6,21.6,-12.7,25.4,-15.3,3.024,2748.2,2762.0,13.8,21.9,0.767,4.2,9.6,93905,-18.4,-1.2,13.4,0,1,0,low,9.6,20.3
2025-01-24,4,1,23.3,17.7,16.5,10.2,30.8,28.0,3.347,2790.1,2777.7,-12.4,19.1,0.105,-4.4,-7.9,96890,28.1,13.8,21.9,1,0,0,high,-8.0,20.22
2025-01-27,0,1,25.8,-19.0,22.7,7.4,25.8,-11.5,5.662,2761.2,2743.4,-17.8,30.0,0.38,-6.6,-11.3,106374,-16.5,-12.4,19.1,0,1,0,low,-11.2,21.02
2025-01-28,1,1,8.9,-3.5,17.1,11.1,17.1,8.0,1.956,2753.7,2771.9,18.2,20.4,0.897,4.7,13.6,96913,10.3,-17.8,30.0,1,0,0,high,12.0,22.0
2025-01-29,2,1,10.1,-4.3,10.8,6.3,11.8,2.2,2.659,2772.1,2769.7,-2.4,17.1,0.509,4.6,-7.1,71365,0.2,18.2,20.4,1,0,0,high,-7.0,20.96
2025-01-30,3,1,13.8,9.1,47.7,47.0,60.0,56.3,13.215,2830.0,2847.1,17.1,51.3,0.881,4.4,12.8,99600,60.3,-2.4,17.1,1,0,0,high,12.7,21.7
2025-01-31,4,1,37.2,-6.7,34.0,-0.3,42.2,-7.0,6.706,2849.5,2830.4,-19.1,58.9,0.448,6.9,-26.1,93747,2.4,17.1,51.3,1,0,0,high,-26.0,27.58
2025-02-03,0,2,57.6,-10.7,47.3,27.8,71.4,17.3,6.237,2851.7,2857.1,5.4,47.9,0.689,-3.7,-13.4,169542,21.3,-19.1,58.9,1,0,0,high,9.1,35.54
2025-02-04,1,2,39.9,-7.6,51.2,17.5,51.2,10.0,4.782,2859.5,2874.2,14.7,42.1,0.931,9.2,4.9,68058,2.4,5.4,47.9,1,0,0,high,5.5,39.12
2025-02-05,2,2,20.4,18.4,20.1,-6.6,28.8,11.6,4.163,2883.6,2882.2,-1.4,25.9,0.081,7.1,-13.3,80822,9.4,14.7,42.1,1,0,0,high,-8.5,43.46
2025-02-06,3,2,18.7,-9.7,23.8,3.5,23.8,-6.1,4.035,2879.2,2881.4,2.2,29.7,0.889,-17.3,19.6,78543,-3.0,-1.4,25.9,0,1,0,low,19.5,45.22
2025-02-07,4,2,10.8,5.8,21.6,-2.0,21.6,3.9,3.007,2885.5,2887.0,1.5,32.8,0.28,14.8,-13.3,104537,4.1,2.2,29.7,1,0,0,high,-13.3,40.9
2025-02-10,0,2,30.9,28.1,19.7,7.3,46.6,35.4,2.676,2927.7,2934.8,7.1,16.9,0.805,5.2,2.0,63954,40.7,1.5,32.8,1,0,0,high,1.9,35.68
2025-02-11,1,2,35.4,-4.2,34.3,-15.0,61.5,-19.3,6.915,2923.8,2926.0,2.2,19.3,0.492,-1.4,3.7,63183,-11.0,7.1,16.9,0,1,0,low,-6.7,29.48
2025-02-12,2,2,18.9,-8.8,32.9,-8.3,40.6,-17.1,3.75,2909.6,2924.5,14.9,30.5,0.607,11.5,3.3,87533,-16.4,2.2,19.3,1,1,1,low,3.4,24.92
2025-02-13,3,2,21.6,11.1,16.6,-5.1,21.6,6.1,4.262,2935.8,2957.2,21.4,24.8,0.956,7.1,14.4,68121,11.3,14.9,30.5,1,0,0,high,14.3,25.84
2025-02-14,4,2,12.3,-1.5,27.9,-16.2,27.9,-17.7,4.504,2940.3,2896.5,-43.8,58.3,0.113,-1.4,-42.7,132350,-16.9,21.4,24.8,0,1,0,low,-42.4,24.86
2025-02-18,1,2,7.8,-0.1,16.6,9.7,16.6,9.7,1.958,2933.6,2951.3,17.7,22.9,0.773,11.3,6.2,64123,37.1,-43.8,58.3,1,0,0,high,0.4,29.96
2025-02-19,2,2,16.7,-1.7,15.8,1.5,22.1,-0.2,5.136,2953.3,2951.1,-2.2,23.8,0.731,1.6,-3.7,74155,2.0,17.7,22.9,1,0,0,high,-3.8,31.16
2025-02-20,3,2,21.9,16.2,23.6,-16.3,23.6,-0.3,4.771,2950.9,2953.0,2.1,24.6,0.557,-0.3,2.3,74073,-0.2,-2.2,23.8,1,0,0,high,-5.9,32.06
2025-02-21,4,2,26.6,-13.7,20.1,1.4,34.6,-12.5,4.893,2945.1,2948.4,3.3,24.7,0.538,2.5,0.5,68273,-7.9,2.1,24.6,0,1,0,low,5.9,30.88
2025-02-24,0,2,21.6,7.6,21.1,12.5,33.7,20.3,5.211,2972.6,2964.8,-7.8,28.5,0.677,-19.2,11.5,76143,24.2,3.3,24.7,1,0,0,high,11.4,30.86
2025-02-25,1,2,24.7,-20.5,20.6,5.4,32.2,-15.1,5.262,2950.9,2925.5,-25.4,62.7,0.455,-4.4,-20.8,133075,-13.9,-7.8,28.5,0,1,0,low,7.7,24.9
2025-02-26,2,2,23.3,-4.4,13.8,-8.0,23.3,-12.3,4.636,2919.3,2930.7,11.4,28.8,0.951,-4.1,15.7,83292,-6.2,-25.4,62.7,0,0,0,none,0.0,32.86
2025-02-27,3,2,34.3,-30.2,18.9,-1.5,44.5,-31.7,5.823,2902.1,2884.5,-17.6,27.0,0.204,-17.9,0.1,87686,-28.6,11.4,28.8,0,1,0,low,0.3,33.86
2025-02-28,4,2,28.9,-15.7,17.3,-9.7,36.1,-25.6,3.748,2860.6,2864.4,3.8,22.3,0.91,-14.2,18.2,106627,-23.9,-17.6,27.0,0,1,0,low,18.0,34.34
2025-03-03,0,3,15.3,-9.2,19.9,9.8,19.9,0.6,3.747,2882.9,2901.3,18.4,22.8,0.873,5.7,12.9,82151,18.5,3.8,22.3,1,0,0,high,12.7,33.86
2025-03-04,1,3,18.3,7.8,33.7,24.5,47.3,32.2,5.763,2933.8,2928.7,-5.1,24.0,0.754,-19.8,14.8,76950,32.5,18.4,22.8,1,0,0,high,14.7,32.72
2025-03-05,2,3,20.1,3.3,30.3,-18.4,30.3,-15.3,5.741,2910.0,2931.6,21.6,33.9,0.714,11.9,9.9,83712,-18.7,-5.1,24.0,1,1,1,low,9.7,24.98
2025-03-06,3,3,19.2,-10.2,21.4,-4.6,38.3,-14.9,5.778,2912.4,2917.4,5.0,20.6,0.301,11.2,-6.4,65781,-19.2,21.6,33.9,0,0,0,none,0.0,26.0
2025-03-07,4,3,19.7,7.7,17.3,-4.3,28.6,3.4,3.191,2920.4,2918.2,-2.2,29.6,0.304,14.5,-16.6,137264,3.0,5.0,20.6,1,1,1,both_same_hour,-16.7,24.72
2025-03-10,0,3,13.3,1.2,20.2,-7.1,24.6,-5.8,5.761,2913.3,2890.6,-22.7,32.1,0.162,-3.3,-19.4,127281,-4.9,-2.2,29.6,0,1,0,low,-19.4,26.18
2025-03-11,1,3,24.9,17.9,20.8,11.5,39.8,29.2,3.819,2918.4,2925.2,6.8,16.9,0.775,5.6,1.3,95734,27.8,-22.7,32.1,1,0,0,high,1.2,28.04
2025-03-12,2,3,9.1,-6.0,17.4,6.3,17.4,0.2,3.26,2923.4,2939.9,16.5,37.9,0.763,-2.4,19.0,123195,-1.8,6.8,16.9,1,1,1,low,18.9,26.62
2025-03-13,3,3,14.1,2.0,16.7,5.0,16.7,6.9,3.44,2951.7,2995.2,43.5,52.1,0.914,8.4,35.1,159003,11.8,16.5,37.9,1,0,0,high,35.1,27.42
2025-03-14,4,3,11.3,-1.3,22.8,7.3,22.8,6.0,3.643,3005.6,2992.0,-13.6,19.4,0.175,-7.7,-5.1,85076,10.4,43.5,52.1,1,0,0,high,-5.9,33.72
2025-03-17,0,3,10.8,-0.2,17.9,-3.1,18.0,-3.3,4.173,2994.7,3008.3,13.6,15.9,0.95,1.5,12.3,63703,2.7,-13.6,19.4,1,0,0,high,0.5,31.68
2025-03-18,1,3,18.3,15.9,21.5,18.6,36.4,34.3,3.63,3042.9,3042.7,-0.2,16.2,0.704,-2.4,2.4,82218,34.6,13.6,15.9,1,0,0,high,2.2,28.44
2025-03-19,2,3,17.4,7.8,18.4,-3.7,21.1,4.1,4.573,3045.3,3056.6,11.3,28.0,0.821,-3.5,14.9,73661,2.6,-0.2,16.2,1,0,0,high,1.2,28.3
2025-03-20,3,3,12.0,-3.7,23.1,-7.0,32.4,-10.6,3.843,3049.0,3052.6,3.6,16.2,0.92,-9.2,12.9,54457,-7.6,11.3,28.0,0,0,0,none,0.0,26.32
2025-03-21,4,3,28.1,-16.5,12.3,4.0,28.1,-12.6,2.832,3040.8,3025.5,-15.3,40.0,0.535,-29.9,14.8,112480,-11.8,3.6,16.2,0,1,0,low,14.6,19.14
2025-03-24,0,3,12.4,-1.0,13.1,-0.7,19.2,-1.7,3.842,3028.7,3013.2,-15.5,25.1,0.219,-1.6,-13.7,111884,3.2,-15.3,40.0,0,0,0,none,0.0,23.26
2025-03-25,1,3,14.6,6.4,16.3,4.3,20.2,10.8,4.158,3026.5,3025.7,-0.8,19.5,0.144,7.7,-8.5,89813,13.3,-15.5,25.1,1,0,0,high,-8.5,25.1
2025-03-26,2,3,12.9,4.1,13.8,3.3,18.3,7.3,4.482,3033.0,3023.1,-9.9,15.4,0.331,-10.4,0.8,87328,7.3,-0.8,19.5,0,1,0,low,0.5,25.76
2025-03-27,3,3,21.6,13.0,28.2,20.3,43.2,33.1,4.489,3058.2,3069.3,11.1,30.7,0.935,-8.3,19.5,56036,35.1,-9.9,15.4,1,0,0,high,19.4,23.24
2025-03-28,4,3,26.1,24.9,48.0,21.1,54.9,45.0,7.617,3112.7,3114.2,1.5,50.1,0.836,5.8,-4.6,97782,43.4,11.1,30.7,1,0,0,high,-4.3,26.14
2025-03-31,0,3,72.2,26.1,43.0,8.9,74.7,35.1,5.947,3158.0,3157.2,-0.8,58.0,0.917,-11.5,10.9,92233,43.8,1.5,50.1,1,0,0,high,10.7,28.16
2025-04-01,1,4,47.5,3.8,38.0,4.4,47.5,8.2,4.938,3164.8,3150.9,-13.9,64.0,0.733,0.7,-14.8,86727,7.6,-0.8,58.0,1,0,0,high,-14.6,34.74
2025-04-02,2,4,46.4,1.0,45.0,14.4,49.6,15.5,6.598,3160.4,3163.0,2.6,51.9,0.717,-1.3,3.6,94623,9.5,-13.9,64.0,1,0,0,high,3.9,43.64
2025-04-03,3,4,80.7,-20.9,95.9,-54.0,133.8,-74.9,9.69,3097.0,3127.1,30.1,107.5,0.699,9.7,39.6,144545,-66.0,2.6,51.9,0,1,0,low,20.4,50.94
2025-04-04,4,4,48.8,-15.4,94.7,-30.9,94.7,-46.4,13.488,3090.2,3057.6,-32.6,96.0,0.485,-8.9,-23.4,162317,-36.9,30.1,107.5,0,1,0,low,0.9,66.3
2025-04-07,0,4,119.4,21.9,57.5,0.7,119.4,22.4,21.112,3048.5,2992.3,-56.2,106.6,0.4,-16.1,-39.9,131308,-9.1,-32.6,96.0,0,1,0,low,-40.1,75.48
2025-04-08,1,4,39.0,26.1,41.5,-11.6,44.9,14.8,8.372,3017.0,2999.1,-17.9,64.6,0.399,7.6,-25.6,94399,24.7,-56.2,106.6,0,0,0,none,0.0,85.2
2025-04-09,2,4,93.0,61.5,52.5,6.9,125.7,68.3,12.645,3064.1,3110.6,46.5,64.3,0.877,27.9,18.9,130531,65.0,-17.9,64.6,1,0,0,high,18.6,85.32
2025-04-10,3,4,77.2,44.3,48.7,1.1,79.8,45.5,8.854,3139.8,3188.6,48.8,77.6,0.927,-5.6,54.2,113446,29.2,46.5,64.3,1,0,0,high,54.4,87.8
2025-04-11,4,4,58.1,6.7,50.9,35.5,72.5,42.4,10.621,3251.3,3248.1,-3.2,44.9,0.668,-10.3,7.1,92411,62.7,48.8,77.6,1,0,0,high,7.1,81.82
2025-04-14,0,4,35.1,8.5,48.8,-23.3,60.8,-14.7,8.087,3223.2,3228.1,4.9,38.1,0.882,-1.9,7.0,74609,-24.9,-3.2,44.9,0,1,0,low,6.8,71.6
2025-04-15,1,4,33.0,13.0,33.7,-3.1,35.0,10.1,4.517,3238.2,3246.7,8.5,20.0,0.935,-8.3,16.8,48532,10.1,4.9,38.1,1,0,0,high,16.8,57.9
2025-04-16,2,4,57.6,51.3,29.1,14.7,80.1,66.2,5.392,3323.1,3352.0,28.9,45.8,0.86,5.2,23.6,96825,76.4,8.5,20.0,1,0,0,high,23.7,48.98
2025-04-17,3,4,36.0,-22.7,30.3,-1.0,43.6,-23.6,8.175,3341.6,3334.5,-7.1,49.9,0.764,-13.7,6.6,103695,-10.4,28.9,45.8,0,1,0,low,30.3,45.28
2025-04-21,0,4,47.0,43.4,34.2,23.1,69.8,66.3,6.778,3426.6,3434.5,7.9,25.4,0.693,5.7,2.1,102428,92.1,-7.1,49.9,1,0,0,high,2.2,39.74
2025-04-22,1,4,86.0,47.5,55.7,-46.8,86.0,0.5,15.175,3443.1,3387.6,-55.5,82.9,0.103,-12.2,-43.4,180416,8.6,7.9,25.4,1,1,1,high,-43.3,35.84
2025-04-23,2,4,93.4,-25.9,39.8,9.6,93.4,-15.8,16.407,3322.0,3306.9,-15.1,54.7,0.66,-34.0,19.1,158094,-65.6,-55.5,82.9,0,1,0,low,18.9,44.8
2025-04-24,3,4,56.7,14.6,22.3,11.4,56.7,26.0,9.944,3347.4,3353.8,6.4,42.0,0.879,-20.9,27.3,86180,40.5,-15.1,54.7,1,0,0,high,27.3,51.74
2025-04-25,4,4,84.0,-63.7,27.6,-12.4,84.0,-75.9,11.863,3302.9,3315.8,12.9,49.2,0.833,-12.2,24.9,91142,-50.9,6.4,42.0,0,1,0,low,25.1,50.98
2025-04-28,0,4,50.3,-26.7,31.2,12.0,50.3,-14.6,11.864,3306.6,3362.5,55.9,66.8,0.981,-3.1,59.2,93737,-9.2,12.9,49.2,1,0,0,high,22.9,50.84
2025-04-29,1,4,38.4,-19.7,25.2,-5.9,43.6,-25.6,5.474,3322.6,3330.3,7.7,31.3,0.674,-5.5,13.2,72497,-39.9,55.9,66.8,0,0,0,none,0.0,59.12
2025-04-30,2,4,26.9,-13.6,48.7,-7.5,62.0,-21.1,9.903,3308.1,3306.8,-1.3,28.5,0.182,10.8,-11.7,92805,-22.2,7.7,31.3,0,1,0,low,-12.1,48.8
2025-05-01,3,5,65.7,-38.9,35.9,-9.4,84.6,-48.4,12.019,3234.5,3236.6,2.1,29.4,0.83,-1.5,4.3,76535,-72.3,-1.3,28.5,0,1,0,low,3.6,43.56
2025-05-02,4,5,37.1,14.5,20.4,-3.9,42.5,10.7,6.48,3257.3,3241.4,-15.9,43.7,0.272,0.7,-16.3,109818,20.7,2.1,29.4,1,0,0,high,-16.6,41.04
2025-05-05,0,5,35.2,23.7,64.9,58.2,86.3,82.2,9.825,3328.4,3337.6,9.2,32.7,0.722,-3.3,13.2,70594,87.0,-15.9,43.7,1,0,0,high,12.5,39.94
2025-05-06,1,5,62.9,33.3,27.8,26.7,68.3,60.1,14.754,3399.5,3431.5,32.0,46.3,0.963,0.3,32.0,102060,61.9,9.2,32.7,1,0,0,high,31.7,33.12
2025-05-07,2,5,46.4,11.3,28.9,-1.4,46.4,9.7,12.3,3398.8,3379.3,-19.5,35.4,0.229,3.6,-23.0,122294,-32.7,32.0,46.3,0,1,0,low,-14.3,36.12
2025-05-08,3,5,96.6,-41.1,32.2,26.5,96.6,-14.5,14.809,3362.0,3311.1,-50.9,82.4,0.216,-0.3,-50.5,138230,-17.3,-19.5,35.4,0,1,0,low,-50.6,37.5
2025-05-09,4,5,57.0,1.9,18.3,8.3,63.9,10.0,11.302,3338.4,3334.1,-4.3,28.0,0.336,-2.9,-1.6,83717,27.3,-50.9,82.4,0,0,0,none,0.0,48.1
2025-05-12,0,5,33.1,4.6,70.3,-43.6,84.3,-39.5,17.204,3237.3,3240.3,3.0,29.1,0.564,7.3,1.6,107202,-96.8,-4.3,28.0,0,1,0,low,-4.3,44.96
2025-05-13,1,5,50.3,29.4,28.1,-20.4,50.3,9.0,7.089,3249.0,3253.5,4.5,32.6,0.736,-17.0,21.6,92208,8.7,3.0,29.1,1,0,0,high,6.0,44.24
2025-05-14,2,5,36.1,-26.5,60.5,-43.7,73.6,-70.1,10.732,3188.6,3183.8,-4.8,31.4,0.417,6.6,-11.4,96243,-64.9,4.5,32.6,0,1,0,low,-11.4,41.5
2025-05-15,3,5,72.3,-31.8,59.2,39.1,72.3,7.0,12.095,3192.3,3234.6,42.3,47.0,0.985,2.4,39.8,92439,8.5,-4.8,31.4,1,0,0,high,39.9,40.7
2025-05-16,4,5,45.7,-37.3,64.2,-37.6,98.5,-74.9,11.806,3180.1,3194.3,14.2,29.4,0.878,2.9,11.2,70838,-54.5,42.3,47.0,0,1,0,low,11.3,33.62
2025-05-19,0,5,43.8,-15.2,24.6,4.7,43.8,-10.5,11.073,3231.7,3235.4,3.7,25.2,0.623,1.0,2.8,66545,37.4,14.2,29.4,1,0,0,high,2.7,33.9
2025-05-20,1,5,28.4,-17.8,44.4,33.9,46.7,15.9,7.118,3245.3,3296.8,51.5,62.9,0.979,19.3,32.4,107874,9.9,3.7,25.2,1,0,0,high,32.2,33.12
2025-05-21,2,5,35.5,21.9,30.1,-17.3,35.5,4.3,7.477,3304.6,3320.9,16.3,29.9,0.789,1.5,14.9,87039,7.8,51.5,62.9,1,0,0,high,14.8,39.18
2025-05-22,3,5,27.7,8.1,49.6,-24.3,64.6,-15.9,10.724,3303.7,3290.4,-13.3,38.2,0.33,-16.8,3.6,91382,-17.2,16.3,29.9,0,1,0,low,3.5,38.88
2025-05-23,4,5,46.5,33.1,38.8,26.6,75.5,59.8,6.961,3357.7,3360.4,2.7,30.3,0.799,-17.5,20.5,105504,67.3,-13.3,38.2,1,0,0,high,20.2,37.12
2025-05-26,0,5,26.0,-6.3,15.9,-2.1,32.4,-8.5,3.672,3334.3,3342.2,7.9,12.7,0.874,4.0,3.7,19758,-26.1,2.7,30.3,0,1,0,low,3.9,37.3
2025-05-27,1,5,45.5,-39.1,26.3,-16.0,63.6,-55.4,6.145,3292.3,3302.9,10.6,23.9,0.833,1.8,9.0,73539,-49.9,7.9,12.7,0,1,0,low,8.8,34.8
2025-05-28,2,5,25.0,4.6,20.1,4.0,34.6,8.8,5.92,3310.8,3294.6,-16.2,29.4,0.289,-6.9,-9.8,54162,7.9,10.6,23.9,1,0,0,high,-9.3,27.0
2025-05-29,3,5,41.7,-15.2,73.7,72.6,99.9,58.2,14.692,3341.5,3340.6,-0.9,50.7,0.69,-4.2,3.1,85491,46.9,-16.2,29.4,1,0,0,high,3.3,26.9
2025-05-30,4,5,33.3,-12.2,24.7,3.4,40.2,-8.9,5.413,3328.5,3318.7,-9.8,38.1,0.627,-27.9,18.1,81224,-12.1,-0.9,50.7,0,1,0,low,18.1,29.4
2025-06-02,0,6,45.6,32.5,21.2,11.1,64.6,43.7,6.967,3380.1,3406.3,26.2,32.8,0.97,15.7,10.2,69012,61.4,-9.8,38.1,1,0,0,high,10.5,30.96
2025-06-03,1,6,42.2,-31.6,18.8,0.9,46.8,-31.2,3.983,3383.7,3376.4,-7.3,29.8,0.644,-13.3,6.6,66411,-22.6,26.2,32.8,0,1,0,low,6.0,34.98
2025-06-04,2,6,27.4,-1.4,22.1,3.3,30.2,2.0,8.951,3383.2,3397.3,14.1,34.6,0.642,-6.4,20.4,68798,6.8,-7.3,29.8,1,0,0,high,20.5,36.16
2025-06-05,3,6,23.2,-8.0,38.6,15.0,43.2,7.8,6.852,3405.7,3380.5,-25.2,50.3,0.362,-3.8,-21.4,116350,8.4,14.1,34.6,1,1,1,high,-21.4,37.2
2025-06-06,4,6,20.4,2.6,25.4,-7.8,32.7,-5.2,4.797,3375.7,3334.4,-41.3,51.2,0.025,-10.1,-31.0,96435,-4.8,-25.2,50.3,0,1,0,low,-14.4,37.12
2025-06-09,0,6,32.7,10.7,16.8,-3.5,36.7,6.9,6.379,3341.2,3348.2,7.0,27.5,0.607,-1.1,8.3,58093,6.8,-41.3,51.2,0,1,0,low,8.1,39.74
2025-06-10,1,6,33.6,0.5,19.3,13.0,42.3,13.4,5.711,3358.2,3349.9,-8.3,30.3,0.323,6.4,-14.7,63125,10.0,7.0,27.5,1,0,0,high,-14.7,38.68
2025-06-11,2,6,29.4,13.4,36.6,-0.7,46.9,12.6,5.279,3357.3,3367.9,10.6,30.8,0.925,-6.6,17.4,89559,7.4,-8.3,30.3,0,1,0,low,23.4,38.78
2025-06-12,3,6,20.8,5.5,52.9,14.1,52.9,19.7,10.15,3409.0,3408.5,-0.5,21.7,0.479,3.8,-4.2,91598,41.1,10.6,30.8,1,0,0,high,-4.3,38.02
2025-06-13,4,6,64.0,32.9,30.6,20.1,64.0,53.1,10.353,3457.0,3452.1,-4.9,28.8,0.448,0.6,-5.8,96322,48.5,-0.5,21.7,1,0,0,high,-5.5,32.3
2025-06-16,0,6,39.0,-30.9,13.5,-2.5,42.6,-33.6,4.523,3435.2,3402.9,-32.3,37.2,0.054,-27.9,-4.3,88849,-16.9,-4.9,28.8,0,1,0,low,-4.4,27.82
2025-06-17,1,6,31.4,-10.9,25.3,1.8,31.4,-9.0,6.916,3405.5,3404.4,-1.1,32.0,0.625,4.3,-5.2,96046,2.6,-32.3,37.2,0,1,0,low,0.6,29.76
2025-06-18,2,6,30.2,-7.3,15.0,4.8,30.2,-2.5,5.272,3405.4,3385.3,-20.1,35.3,0.136,5.7,-24.0,87521,1.0,-1.1,32.0,0,1,0,low,0.0,30.1
2025-06-19,3,6,41.6,-18.5,29.6,11.2,41.6,-7.3,5.135,3384.8,3387.4,2.6,15.5,0.69,1.8,1.1,38482,-0.5,-20.1,35.3,0,1,0,low,0.8,31.0
2025-06-20,4,6,30.8,-20.8,18.3,-1.0,30.8,-22.1,5.056,3360.1,3381.4,21.3,32.3,0.709,26.5,-5.1,60299,-27.3,2.6,15.5,0,1,0,low,-5.2,29.76
2025-06-23,0,6,34.6,-21.7,31.5,3.3,36.5,-18.6,7.665,3378.5,3391.3,12.8,32.6,0.423,18.0,-5.0,92217,-2.9,21.3,32.3,1,0,0,high,-5.2,30.46
2025-06-24,1,6,42.2,-33.5,28.8,-10.4,54.9,-42.5,6.917,3328.3,3337.8,9.5,30.9,0.955,-12.7,21.8,78013,-63.0,12.8,32.6,0,1,0,low,22.2,29.54
2025-06-25,2,6,14.0,10.1,19.4,-11.4,19.4,-1.3,3.307,3334.4,3348.2,13.8,24.8,0.915,-6.2,20.0,57587,-3.4,9.5,30.9,1,0,0,high,10.7,29.32
2025-06-26,3,6,14.4,6.9,26.4,-14.9,26.4,-8.0,5.962,3334.2,3345.0,10.8,27.3,0.824,3.7,13.2,75369,-14.0,13.8,24.8,0,1,0,low,7.1,27.22
2025-06-27,4,6,38.8,-27.3,27.6,-25.6,57.0,-53.0,5.634,3281.0,3282.7,1.7,28.5,0.568,5.3,-3.4,88668,-64.0,10.8,27.3,0,1,0,low,-3.6,29.58
2025-06-30,0,6,36.8,28.4,22.3,-9.4,38.1,19.0,4.462,3293.5,3320.5,27.0,32.0,0.966,3.2,21.4,55133,10.8,1.7,28.5,1,0,0,high,23.8,28.82
2025-07-01,1,7,25.7,19.6,28.2,23.7,50.2,43.4,2.476,3366.6,3349.6,-17.0,19.1,0.047,-2.8,-14.4,69723,46.1,27.0,32.0,1,0,0,high,-14.2,28.7
2025-07-02,2,7,16.4,-8.9,24.7,14.2,24.7,5.2,4.027,3357.2,3368.5,11.3,26.2,0.927,-9.6,20.7,54952,7.6,-17.0,19.1,1,1,1,low,20.9,26.34
2025-07-03,3,7,22.2,-0.4,52.3,-37.4,53.2,-37.9,8.351,3335.0,3342.9,7.9,16.1,0.652,7.4,2.2,46887,-33.5,11.3,26.2,0,1,0,low,0.5,26.62
2025-07-07,0,7,30.8,-24.5,17.9,-0.3,39.9,-25.0,5.715,3318.3,3347.1,28.8,35.0,0.909,7.7,20.9,64998,-28.2,2.8,7.6,1,1,1,low,21.1,24.38
2025-07-08,1,7,12.7,-4.0,20.3,-8.5,20.6,-12.2,3.71,3337.8,3312.7,-25.1,42.7,0.405,-13.2,-11.8,131695,-9.3,28.8,35.0,0,1,0,low,7.6,25.68
2025-07-09,2,7,23.2,-9.4,15.8,4.4,26.3,-5.1,6.893,3305.0,3324.3,19.3,25.6,0.953,5.9,15.0,78671,-7.7,-25.1,42.7,0,0,0,none,0.0,27.82
2025-07-10,3,7,13.5,6.2,12.6,-0.7,16.0,5.4,3.992,3332.9,3334.0,1.1,19.8,0.747,-10.8,12.0,73700,8.6,19.3,25.6,1,0,0,high,11.9,29.12
2025-07-11,4,7,22.3,9.7,27.4,23.9,36.3,33.7,5.425,3367.1,3371.6,4.5,19.9,0.497,-3.6,7.8,99492,33.1,1.1,19.8,1,0,0,high,8.1,27.84
2025-07-14,0,7,15.0,10.5,28.6,-23.0,28.6,-12.6,7.423,3358.7,3353.2,-5.5,18.5,0.254,4.6,-9.8,86498,-12.9,4.5,19.9,0,1,0,low,-10.1,28.6
2025-07-15,1,7,22.6,13.2,20.4,-10.0,23.3,3.5,4.195,3357.6,3336.5,-21.1,33.3,0.276,-2.5,-18.5,97706,4.4,-5.5,18.5,0,1,0,low,-18.6,25.3
2025-07-16,2,7,17.3,13.1,12.0,-4.0,18.3,9.0,3.959,3341.8,3354.3,12.5,59.7,0.472,-7.9,20.7,159600,5.3,-21.1,33.3,1,1,1,low,8.9,23.42
2025-07-17,3,7,21.9,-14.0,27.5,-23.0,41.9,-37.1,4.099,3318.1,3345.2,27.1,30.4,0.957,5.6,21.6,63868,-36.2,12.5,59.7,0,1,0,low,21.5,30.24
2025-07-18,4,7,13.1,-1.4,21.4,18.7,30.8,17.3,4.258,3366.7,3354.0,-12.7,13.9,0.05,-4.7,-8.0,44439,21.5,27.1,30.4,1,0,0,high,-8.0,32.36
2025-07-21,0,7,26.8,21.4,26.8,19.8,45.6,41.2,4.672,3395.4,3409.8,14.4,24.2,0.707,5.5,9.5,96572,41.4,-12.7,13.9,1,0,0,high,8.9,31.16
2025-07-22,1,7,19.7,-15.6,24.9,22.0,24.9,6.3,5.968,3419.3,3443.9,24.6,31.8,0.887,3.8,20.8,118982,9.5,14.4,24.2,1,0,0,high,20.8,32.3
2025-07-23,2,7,21.9,-4.1,16.4,-7.9,22.3,-12.2,5.095,3429.8,3400.4,-29.4,39.9,0.246,-7.1,-22.3,145813,-14.1,24.6,31.8,0,1,0,low,-22.3,32.0
2025-07-24,3,7,23.9,-14.2,27.0,-23.8,44.1,-38.0,3.555,3357.4,3374.3,16.9,26.0,0.735,13.2,3.7,96615,-43.0,-29.4,39.9,0,1,0,low,3.7,28.04
2025-07-25,4,7,20.0,-9.3,26.1,-19.0,40.4,-28.4,3.509,3341.8,3339.2,-2.6,23.2,0.591,3.4,-5.9,101008,-32.5,16.9,26.0,0,1,0,low,-6.0,27.16
2025-07-28,0,7,18.0,5.5,16.9,-12.1,20.4,-6.4,3.975,3328.0,3316.5,-11.5,30.4,0.543,-27.3,15.8,89909,-11.2,-2.6,23.2,0,1,0,low,15.8,29.02
2025-07-29,1,7,14.5,3.1,18.7,6.7,22.2,10.0,4.714,3321.6,3323.7,2.1,22.4,0.616,-6.2,8.4,54790,5.1,-11.5,30.4,1,0,0,high,5.3,30.26
2025-07-30,2,7,10.8,-2.1,67.9,43.5,69.3,41.0,21.56,3367.2,3322.1,-45.1,50.7,0.057,-10.3,-34.7,126102,43.5,2.1,22.4,1,0,0,high,-34.8,28.38
2025-07-31,3,7,26.7,20.5,21.2,10.2,38.0,30.8,4.96,3360.4,3344.2,-16.2,20.8,0.106,-6.9,-9.2,69253,38.3,-45.1,50.7,0,0,0,none,0.0,30.54
2025-08-01,4,8,20.6,-2.7,62.6,50.5,67.2,48.0,11.719,3394.1,3410.1,16.0,22.5,0.804,1.1,14.7,116929,49.9,-16.2,20.8,1,0,0,high,14.9,29.5
2025-08-04,0,8,17.4,3.3,18.8,5.5,26.6,8.6,5.586,3420.7,3430.5,9.8,19.8,0.545,16.3,-7.0,63031,10.6,16.0,22.5,1,0,0,high,-6.5,29.36
2025-08-05,1,8,16.5,-8.6,25.9,0.0,32.6,-8.8,6.258,3420.4,3433.5,13.1,25.1,0.546,7.8,5.0,77113,-10.1,9.8,19.8,1,0,0,high,-6.2,27.24
2025-08-06,2,8,15.2,-3.8,20.6,-7.8,28.8,-11.7,4.115,3422.1,3434.0,11.9,18.5,0.778,4.9,6.8,73150,-11.4,13.1,25.1,0,1,0,low,7.0,27.78
2025-08-07,3,8,25.1,21.9,27.1,-2.2,38.3,19.9,7.104,3454.7,3466.8,12.1,32.0,0.963,-3.3,15.4,96296,20.7,11.9,18.5,1,0,0,high,15.4,21.34
2025-08-08,4,8,34.5,10.1,38.5,-17.1,46.3,-7.2,11.079,3481.4,3456.6,-24.8,54.0,0.215,13.6,-38.3,131157,14.6,12.1,32.0,1,0,0,high,-38.4,23.58
2025-08-11,0,8,39.8,-34.4,28.6,-13.8,64.7,-48.5,5.822,3411.5,3402.0,-9.5,19.8,0.157,3.5,-12.9,90738,-45.1,-24.8,54.0,0,1,0,low,-13.0,29.88
2025-08-12,1,8,18.1,-2.5,22.1,2.8,24.3,0.5,5.081,3397.8,3398.9,1.1,31.7,0.625,-2.6,3.8,97184,-4.2,-9.5,19.8,0,1,0,low,3.7,29.88
2025-08-13,2,8,15.1,5.2,16.2,1.2,25.0,6.3,4.822,3407.7,3408.0,0.3,22.4,0.348,7.2,-6.9,59137,8.8,1.1,31.7,1,0,0,high,-6.9,31.2
2025-08-14,3,8,20.1,3.4,25.8,-11.8,34.6,-8.3,6.183,3398.9,3385.3,-13.6,29.1,0.337,-6.6,-6.8,76017,-9.1,0.3,22.4,0,1,0,low,-7.0,31.98
2025-08-15,4,8,17.1,7.2,14.8,3.0,17.1,10.3,3.331,3389.3,3383.9,-5.4,13.8,0.333,-7.0,1.7,50531,4.0,-13.6,29.1,0,0,0,none,0.0,31.4
2025-08-18,0,8,35.6,15.1,12.6,-4.7,35.6,10.6,5.785,3389.8,3378.3,-11.5,14.8,0.203,-7.3,-4.2,47422,5.9,-5.4,13.8,0,1,0,low,-1.0,23.36
2025-08-19,1,8,14.5,0.6,10.8,-0.7,19.1,-0.1,3.108,3379.4,3359.8,-19.6,25.6,0.066,-1.5,-17.9,69581,1.1,-11.5,14.8,0,1,0,low,-18.1,22.36
2025-08-20,2,8,15.1,6.5,25.0,21.2,35.2,27.7,3.372,3386.8,3391.5,4.7,12.0,0.767,1.7,3.0,53372,27.0,-19.6,25.6,1,0,0,high,3.0,21.14
2025-08-21,3,8,15.8,-13.4,20.6,5.8,24.9,-7.5,4.713,3384.5,3383.2,-1.3,13.0,0.331,-2.0,0.7,53333,-7.0,4.7,12.0,0,1,0,low,0.7,19.06
2025-08-22,4,8,16.8,-11.6,15.0,-6.7,21.2,-18.4,2.313,3365.0,3417.7,52.7,58.6,0.903,11.0,41.6,120681,-18.2,-1.3,13.0,1,1,1,low,41.7,15.84
2025-08-25,0,8,11.4,0.2,10.2,-4.4,11.4,-4.1,3.415,3409.1,3410.6,1.5,15.2,0.283,6.2,-4.7,43622,-8.6,52.7,58.6,0,0,0,none,0.0,24.8
2025-08-26,1,8,38.6,14.4,15.4,-3.7,38.6,10.7,9.309,3419.1,3437.7,18.6,22.2,0.937,3.1,15.3,68751,8.5,1.5,15.2,1,0,0,high,15.5,24.88
2025-08-27,2,8,19.1,-13.1,11.7,2.6,21.2,-10.7,2.945,3429.8,3449.4,19.6,27.2,0.945,-3.6,23.4,74377,-7.9,18.6,22.2,1,0,0,high,11.3,24.2
2025-08-28,3,8,11.3,2.1,18.7,4.5,24.8,6.5,3.993,3455.9,3477.6,21.7,26.6,0.959,8.9,12.8,76330,6.5,19.6,27.2,1,0,0,high,12.8,27.24
2025-08-29,4,8,13.0,-6.6,13.2,6.9,16.6,0.2,2.728,3476.0,3516.1,40.1,45.1,0.947,12.2,23.6,116847,-1.6,21.7,26.6,1,0,0,high,27.9,29.96
2025-09-02,1,9,13.8,-8.7,26.6,-7.8,30.5,-16.3,7.009,3548.0,3597.9,49.9,58.7,0.951,4.2,45.6,122405,31.9,40.1,45.1,1,0,0,high,45.7,27.26
2025-09-03,2,9,24.5,5.3,24.4,14.9,26.2,19.9,5.558,3616.4,3619.3,2.9,26.8,0.224,3.2,-0.2,115139,18.5,49.9,58.7,1,0,0,high,-0.3,35.96
2025-09-04,3,9,47.9,-19.5,22.5,12.6,47.9,-7.0,7.324,3609.1,3605.9,-3.2,25.6,0.535,-3.5,0.5,93174,-10.2,2.9,26.8,0,1,0,low,0.3,36.88
2025-09-05,4,9,22.6,15.8,43.3,26.7,48.3,42.6,8.922,3639.6,3646.5,6.9,26.0,0.654,11.4,-4.3,120426,33.7,-3.2,25.6,1,0,0,high,-4.5,36.56
2025-09-08,0,9,17.0,5.7,28.9,24.9,43.2,30.6,4.721,3663.2,3676.2,13.0,25.9,0.633,10.1,3.1,100025,16.7,6.9,26.0,1,0,0,high,2.9,36.44
2025-09-09,1,9,29.1,15.8,14.9,-1.2,29.1,14.8,4.473,3686.4,3668.3,-18.1,49.9,0.06,19.4,-37.5,146310,10.2,13.0,25.9,1,0,0,high,-37.5,32.6
2025-09-10,2,9,29.2,10.4,18.7,1.1,41.0,11.6,4.976,3683.2,3681.7,-1.5,20.7,0.343,7.5,-9.2,69534,14.9,-18.1,49.9,0,0,0,none,0.0,30.84
2025-09-11,3,9,26.9,-8.2,31.0,-4.3,36.5,-12.3,5.06,3666.8,3675.4,8.6,25.1,0.793,1.1,7.7,81115,-14.9,-1.5,20.7,0,1,0,low,7.5,29.62
2025-09-12,4,9,28.2,16.4,16.5,-5.6,28.2,10.6,4.872,3683.6,3682.7,-0.9,13.0,0.231,4.6,-5.5,54507,8.2,8.6,25.1,1,0,0,high,-5.5,29.52
2025-09-15,0,9,21.5,-5.2,16.9,13.3,25.6,8.1,4.498,3687.6,3720.2,32.6,40.9,0.885,7.2,25.4,98995,4.9,-0.9,13.0,1,0,0,high,25.4,26.92
2025-09-16,1,9,19.8,7.2,13.5,-4.1,25.8,3.0,5.176,3726.7,3726.6,-0.1,24.7,0.462,6.3,-6.2,91363,6.5,32.6,40.9,1,0,0,high,-6.4,29.92
2025-09-17,2,9,25.1,-17.4,19.1,2.2,37.4,-15.3,5.767,3714.0,3696.2,-17.8,64.5,0.259,0.2,-17.9,152578,-12.6,-0.1,24.7,1,1,1,low,-18.0,24.88
2025-09-18,3,9,38.3,-24.7,38.5,25.9,40.0,1.3,8.637,3696.9,3679.7,-17.2,37.3,0.515,-21.5,4.4,100966,0.7,-17.8,64.5,0,1,0,low,4.3,33.64
2025-09-19,4,9,29.7,6.3,15.4,1.9,29.7,8.3,4.774,3681.5,3717.9,36.4,42.6,0.979,14.6,21.7,87909,1.8,-17.2,37.3,1,0,0,high,17.1,36.08
2025-09-22,0,9,32.9,25.3,20.2,6.4,42.6,31.7,5.776,3755.6,3781.2,25.6,36.1,0.945,0.8,25.0,95599,37.7,36.4,42.6,1,0,0,high,24.8,42.0
2025-09-23,1,9,22.7,12.6,41.8,29.8,52.2,42.1,7.479,3817.5,3796.4,-21.1,37.7,0.332,-1.1,-19.9,137316,36.3,25.6,36.1,1,0,0,high,-20.0,41.04
2025-09-24,2,9,26.5,6.8,20.2,-3.4,29.6,3.4,5.58,3800.9,3762.5,-38.4,56.7,0.226,-6.4,-32.2,131697,4.5,-21.1,37.7,0,1,0,low,-22.3,43.64
2025-09-25,3,9,21.7,-0.8,31.5,-2.6,31.8,-3.3,6.506,3769.2,3777.5,8.3,37.6,0.681,-5.2,13.4,119614,6.7,-38.4,56.7,0,0,0,none,0.0,42.08
2025-09-26,4,9,20.4,-6.6,19.2,9.1,24.0,2.4,5.09,3782.3,3795.8,13.5,33.2,0.44,10.1,3.6,116824,4.8,8.3,37.6,1,0,0,high,3.4,42.14
2025-09-29,0,9,55.9,46.5,26.2,-2.9,67.7,43.5,10.521,3843.7,3857.1,13.4,23.6,0.784,7.0,6.5,90960,47.9,13.5,33.2,1,0,0,high,6.4,40.26
2025-09-30,1,9,42.7,24.8,67.3,-36.3,78.6,-11.6,12.117,3847.8,3886.7,38.9,49.0,0.959,4.6,34.7,119639,-9.3,13.4,23.6,1,0,0,high,5.0,37.76
2025-10-01,2,10,23.8,-1.2,36.1,10.6,42.4,9.2,8.113,3897.3,3894.3,-3.0,24.8,0.52,2.5,-5.0,126230,10.6,38.9,49.0,1,0,0,high,-5.5,40.02
2025-10-02,3,10,22.3,1.6,30.6,21.2,40.5,22.7,4.045,3909.9,3880.1,-29.8,80.5,0.463,-10.2,-19.9,179820,15.6,-3.0,24.8,1,1,1,high,-19.6,33.64
2025-10-03,4,10,27.0,0.8,21.9,16.2,38.4,17.2,6.207,3898.4,3910.9,12.5,26.1,0.774,8.9,3.5,112662,18.3,-29.8,80.5,0,0,0,none,0.0,42.22
2025-10-06,0,10,44.7,30.9,23.7,-0.7,49.4,30.0,6.776,3957.8,3983.2,25.4,43.9,0.743,10.8,14.7,110468,46.9,12.5,26.1,1,0,0,high,14.6,40.8
2025-10-08,2,10,52.6,41.3,19.2,8.4,64.8,49.7,6.131,4062.1,4064.2,2.1,33.5,0.499,-2.3,4.5,152865,59.6,-0.1,31.2,1,0,0,high,4.4,44.86
2025-10-09,3,10,42.9,4.8,29.5,28.1,54.3,32.9,7.387,4072.8,3988.3,-84.5,120.0,0.253,-38.2,-46.1,287165,8.6,2.1,33.5,0,1,0,low,-46.3,41.76
2025-10-10,4,10,48.5,-8.1,54.2,18.8,59.3,10.9,9.917,4001.9,4028.1,26.2,51.9,0.798,-5.8,32.6,186267,13.6,-84.5,120.0,0,0,0,none,0.0,60.8
2025-10-13,0,10,54.4,29.9,19.8,10.7,63.5,40.5,5.403,4099.5,4127.3,27.8,39.8,0.751,14.3,13.7,120143,71.4,26.2,51.9,1,0,0,high,13.5,55.08
2025-10-14,1,10,85.9,-6.9,45.3,-4.3,85.9,-11.4,17.103,4122.9,4159.2,36.3,58.5,0.779,17.7,18.7,125648,-4.4,27.8,39.8,1,0,0,high,18.6,57.82
2025-10-15,2,10,46.6,42.3,55.8,-10.0,64.2,32.2,9.677,4207.0,4226.0,19.0,33.5,0.893,0.6,18.3,124158,47.8,36.3,58.5,1,0,0,high,18.4,60.74
2025-10-16,3,10,39.0,9.0,30.6,13.7,50.4,22.6,11.197,4250.7,4321.4,70.7,79.5,0.908,11.8,59.0,179003,24.7,19.0,33.5,1,0,0,high,58.9,60.74
2025-10-17,4,10,100.5,12.3,79.6,-45.0,100.5,-33.2,22.056,4326.6,4240.3,-86.3,134.0,0.331,-39.8,-46.1,237450,5.2,70.7,79.5,1,1,1,high,-46.5,52.64
2025-10-20,0,10,53.3,-20.5,97.2,91.9,115.0,71.2,17.982,4340.9,4394.3,53.4,89.7,0.959,-23.8,77.5,148420,100.6,-86.3,134.0,1,0,0,high,77.2,69.06
2025-10-21,1,10,57.4,-26.9,141.4,-135.1,172.8,-162.1,17.782,4223.5,4124.2,-99.3,145.9,0.214,-38.2,-61.7,283770,-170.8,53.4,89.7,0,1,0,low,-61.1,79.04
2025-10-22,2,10,153.8,33.0,140.6,-120.4,153.8,-87.2,23.885,4048.9,4120.0,71.1,106.3,0.893,41.8,29.4,187027,-75.3,-99.3,145.9,0,1,0,low,29.3,96.52
2025-10-23,3,10,73.3,8.5,38.0,14.5,73.3,23.1,13.035,4142.1,4134.6,-7.5,39.0,0.054,19.1,-26.5,121750,22.1,71.1,106.3,1,0,0,high,-26.6,111.08
2025-10-24,4,10,62.9,-25.0,56.0,-11.3,103.3,-36.4,11.162,4096.3,4119.7,23.4,62.8,0.422,24.6,-1.6,130257,-38.3,-7.5,39.0,0,1,0,low,-1.2,102.98
2025-10-27,0,10,46.2,-5.5,65.8,-31.7,84.0,-37.2,12.717,4060.3,4006.0,-54.3,78.9,0.255,-24.3,-29.7,163329,-59.4,23.4,62.8,0,1,0,low,-30.0,88.74
2025-10-28,1,10,80.8,-46.1,63.3,-31.2,132.9,-77.2,15.631,3927.2,3975.8,48.6,59.2,0.833,26.3,21.9,135141,-78.8,-54.3,78.9,0,1,0,low,22.3,86.58
2025-10-29,2,10,50.1,43.1,57.5,46.8,97.5,89.7,11.86,4038.8,3959.2,-79.6,98.5,0.191,-11.9,-67.6,143682,63.0,48.6,59.2,1,0,0,high,-67.7,69.24
2025-10-30,3,10,68.4,36.4,57.2,-16.5,96.6,19.7,16.811,3972.2,4035.2,63.0,67.6,0.951,35.7,27.6,96785,13.0,-79.6,98.5,0,0,0,none,0.0,67.68
2025-10-31,4,10,53.4,-26.6,39.2,10.6,53.4,-16.2,8.158,4035.4,4012.9,-22.5,66.2,0.462,-7.2,-15.4,116561,0.2,63.0,67.6,1,0,0,high,-15.3,73.4
2025-11-03,0,11,65.4,45.9,35.4,-8.1,67.4,38.1,10.394,4028.0,4022.7,-5.3,37.1,0.45,6.1,-12.3,95343,15.1,-22.5,66.2,0,0,0,none,0.0,74.08
2025-11-04,1,11,35.0,-4.4,29.7,-18.6,36.6,-22.7,7.909,3985.5,3948.7,-36.8,50.2,0.231,-19.0,-17.7,127420,-37.2,-5.3,37.1,0,1,0,low,-17.8,65.72
2025-11-05,2,11,51.5,39.8,31.9,3.7,61.3,43.5,6.654,3985.6,3994.8,9.2,27.8,0.788,-2.6,12.3,70360,36.9,-36.8,50.2,1,0,0,high,11.8,63.92
2025-11-06,3,11,45.3,32.1,16.7,6.3,55.5,38.4,6.439,4021.1,3988.8,-32.3,49.9,0.313,-19.2,-12.7,96193,26.3,9.2,27.8,1,0,0,high,-13.1,49.78
2025-11-07,4,11,25.7,19.2,23.9,-10.9,31.0,8.5,6.346,4004.7,4012.1,7.4,44.8,0.471,-3.7,11.6,120751,15.9,-32.3,49.9,1,0,0,high,-3.7,46.24
2025-11-10,0,11,68.4,63.9,35.5,16.5,95.8,80.2,7.727,4099.9,4118.8,18.9,41.5,0.877,-8.5,27.5,107166,87.8,7.4,44.8,1,0,0,high,27.4,41.96
2025-11-11,1,11,31.9,9.2,18.3,13.3,31.9,22.3,6.285,4149.4,4135.7,-13.7,47.3,0.696,-18.2,4.6,126176,30.6,18.9,41.5,1,0,0,high,4.5,42.84
2025-11-12,2,11,47.1,-26.1,28.5,10.3,47.1,-15.5,7.525,4133.1,4201.3,68.2,87.8,0.804,9.6,58.6,163858,-2.6,-13.7,47.3,1,0,0,high,13.4,42.26
2025-11-13,3,11,41.7,29.1,26.6,12.0,66.8,41.2,9.876,4236.9,4168.1,-68.8,89.0,0.22,-37.0,-31.7,156380,35.6,68.2,87.8,1,0,0,high,-31.8,54.26
2025-11-14,4,11,53.0,-4.6,148.3,-128.0,172.7,-132.5,18.771,4056.4,4088.9,32.5,80.6,0.699,27.3,5.5,142736,-111.7,-68.8,89.0,0,1,0,low,5.2,62.08
2025-11-17,0,11,52.5,-8.7,37.3,-23.0,52.5,-31.7,11.069,4066.0,4041.2,-24.8,76.8,0.448,11.8,-36.4,103053,-22.9,32.5,80.6,0,1,0,low,29.9,69.24
2025-11-18,1,11,47.4,-23.1,60.6,51.6,73.4,28.8,12.593,4065.7,4069.8,4.1,43.6,0.681,-0.7,4.9,94813,24.5,-24.8,76.8,1,0,0,high,0.0,76.3
2025-11-19,2,11,43.9,11.2,42.8,24.7,64.9,35.4,11.761,4111.8,4076.5,-35.3,78.7,0.266,17.4,-52.6,123647,42.0,4.1,43.6,1,0,0,high,-52.7,75.56
2025-11-20,3,11,75.6,-45.4,58.8,21.4,75.6,-24.6,9.84,4080.0,4077.3,-2.7,64.3,0.54,12.6,-15.0,121006,3.5,-35.3,78.7,0,1,0,low,29.7,73.74
2025-11-21,4,11,59.5,-50.2,62.2,49.5,63.0,-1.0,13.068,4078.2,4064.5,-13.7,47.6,0.233,-7.9,-5.6,114645,0.9,-2.7,64.3,0,0,0,none,0.0,68.8
2025-11-24,0,11,36.3,-14.7,27.6,18.8,47.4,3.6,8.934,4075.1,4130.5,55.4,66.9,0.964,3.8,51.5,115908,10.6,-13.7,47.6,1,0,0,high,11.2,62.2
2025-11-25,1,11,31.5,-12.5,78.9,52.1,78.9,39.9,19.554,4181.7,4166.7,-15.0,87.2,0.687,-23.1,44.9,230335,51.2,55.4,66.9,1,0,0,high,8.1,60.22
2025-11-26,2,11,75.5,24.0,63.6,-3.7,79.6,20.3,8.126,4187.9,4196.9,9.0,73.7,0.868,-11.2,20.5,89790,21.2,-15.0,87.2,1,0,0,high,-3.4,68.94
2025-12-01,0,12,71.5,21.4,53.8,3.0,79.3,24.2,10.0,4281.7,4270.8,-10.9,64.4,0.8,-8.5,-3.3,95280,26.8,37.3,72.4,1,0,0,high,-2.4,67.94
2025-12-02,1,12,63.2,-15.9,66.8,-1.5,80.8,-17.2,8.821,4243.1,4241.6,-1.5,95.2,0.784,8.0,-9.2,107238,-27.7,-10.9,64.4,0,1,0,low,-9.5,67.96
2025-12-03,2,12,44.4,-8.0,74.4,32.2,74.4,24.6,8.884,4268.7,4237.2,-31.5,74.1,0.513,-24.2,-6.7,80454,27.1,-1.5,95.2,1,0,0,high,-7.3,77.48
2025-12-04,3,12,71.9,-14.2,52.1,5.2,71.9,-9.2,8.047,4228.4,4240.2,11.8,49.1,0.778,2.7,9.0,70259,-8.8,-31.5,74.1,0,0,0,none,0.0,78.92
2025-12-05,4,12,57.0,18.1,23.8,10.3,65.5,28.7,3.405,4264.7,4231.6,-33.1,85.4,0.31,7.6,-40.7,110146,24.5,11.8,49.1,1,0,0,high,-40.7,71.3
2025-12-08,0,12,43.1,4.5,43.5,-4.9,45.4,-0.3,6.913,4230.9,4221.1,-9.8,45.5,0.567,-5.1,-4.2,76596,-0.7,-33.1,85.4,0,1,0,low,-4.7,73.64
2025-12-09,1,12,29.8,-14.1,32.4,20.5,44.5,6.6,5.925,4230.6,4240.8,10.2,33.7,0.677,3.3,7.0,82181,9.5,-9.8,45.5,1,0,0,high,-1.2,69.86
2025-12-10,2,12,18.2,-7.8,19.5,-2.3,32.6,-10.2,4.58,4229.0,4259.1,30.1,61.0,0.841,-7.8,38.1,111458,-11.8,10.2,33.7,1,1,1,low,37.0,57.56
2025-12-11,3,12,46.5,-18.2,22.0,4.9,46.5,-13.1,6.402,4248.5,4304.8,56.3,71.9,0.826,9.4,46.9,128789,-10.6,30.1,61.0,1,0,0,high,46.9,54.94
2025-12-12,4,12,25.6,11.9,63.9,58.4,85.9,70.2,9.103,4375.8,4329.7,-46.1,101.8,0.429,5.7,-51.5,160890,71.0,56.3,71.9,1,0,0,high,-51.8,59.5
2025-12-15,0,12,48.7,38.4,20.0,-6.5,52.5,31.7,7.853,4365.7,4333.7,-32.0,54.5,0.327,-10.3,-21.6,116311,36.0,-46.1,101.8,0,0,0,none,0.0,62.78
2025-12-16,1,12,47.9,-19.8,42.1,29.2,47.9,9.3,9.047,4342.7,4334.1,-8.6,45.0,0.249,13.4,-21.8,105939,9.0,-32.0,54.5,0,0,0,none,0.0,64.58
2025-12-17,2,12,37.3,11.4,40.2,25.8,40.2,36.9,9.392,4373.5,4373.4,-0.1,32.6,0.687,-4.2,4.4,113480,39.4,-8.6,45.0,1,0,0,high,4.1,66.84
2025-12-18,3,12,19.9,-8.4,29.1,6.0,29.1,-2.5,5.074,4368.4,4365.9,-2.5,71.5,0.39,-8.2,5.9,152615,-5.0,-0.1,32.6,1,1,1,low,5.7,61.16
2025-12-19,4,12,30.9,-16.3,18.4,9.5,31.3,-6.7,4.63,4359.9,4370.3,10.4,38.3,0.512,3.5,6.9,92016,-6.0,-2.5,71.5,0,0,0,none,0.0,61.08
2025-12-22,0,12,67.8,61.8,23.2,11.3,77.1,72.9,7.285,4458.4,4472.5,14.1,30.4,0.829,-3.8,17.7,79766,88.1,10.4,38.3,1,0,0,high,17.9,48.38
2025-12-23,1,12,40.2,27.0,25.6,-9.1,40.2,17.9,7.888,4510.2,4523.8,13.6,68.5,0.965,-33.5,48.7,129409,37.7,14.1,30.4,1,0,0,high,47.1,43.56
2025-12-24,2,12,58.6,-23.4,24.6,5.7,58.6,-18.0,12.382,4516.1,4502.8,-13.3,43.9,0.649,-24.2,11.0,53548,-7.7,13.6,68.5,0,0,0,none,0.0,48.26
2025-12-26,4,12,14.1,1.8,31.5,17.0,31.5,18.5,7.246,4557.5,4560.4,2.9,40.6,0.419,-4.6,7.5,94611,54.7,-13.3,43.9,1,0,0,high,7.5,50.52
2025-12-29,0,12,88.6,-54.9,84.3,-54.8,125.7,-110.1,18.338,4440.6,4354.3,-86.3,124.6,0.307,-62.0,-24.3,141201,-119.8,2.9,40.6,0,1,0,low,-24.3,44.34
2025-12-30,1,12,59.5,27.2,53.9,15.1,81.5,42.6,10.463,4403.6,4357.5,-46.1,55.3,0.092,-22.2,-23.8,81194,49.3,-86.3,124.6,0,0,0,none,0.0,61.6
2025-12-31,2,12,100.6,-8.6,46.5,15.7,100.6,7.4,23.392,4358.6,4326.0,-32.6,51.0,0.18,1.5,-34.5,53179,1.1,-46.1,55.3,0,1,0,low,-34.1,66.58
2026-01-02,4,1,12.0,8.7,41.2,-17.0,41.2,-8.4,11.391,4377.8,4341.3,-36.5,66.1,0.327,-13.1,-23.4,76921,51.8,-32.6,51.0,1,0,0,high,-23.4,63.08
2026-01-05,0,1,56.8,49.3,44.7,-2.6,72.4,46.9,9.078,4429.0,4454.9,25.9,39.3,0.677,18.8,6.7,81889,87.7,-36.5,66.1,1,0,0,high,7.1,67.52
2026-01-06,1,1,47.3,18.7,33.5,9.7,48.1,27.6,10.454,4478.4,4504.2,25.8,30.3,0.983,19.9,6.2,82265,23.5,25.9,39.3,1,0,0,high,5.9,67.26
2026-01-07,2,1,55.4,-34.0,48.4,-7.8,70.3,-41.9,11.155,4462.7,4462.6,-0.1,45.5,0.653,-8.1,8.0,93732,-41.5,25.8,30.3,0,1,0,low,8.0,48.4
2026-01-08,3,1,51.6,-33.4,29.5,-6.5,60.2,-40.0,5.547,4432.3,4485.1,52.8,60.5,0.957,9.1,43.7,103462,-30.3,-0.1,45.5,1,1,1,low,43.7,46.44
2026-01-09,4,1,25.1,-6.3,33.8,13.2,39.0,6.4,7.126,4492.2,4516.1,23.9,38.9,0.72,11.7,12.7,119584,7.1,52.8,60.5,1,0,0,high,12.2,48.34
2026-01-12,0,1,66.4,47.8,43.2,28.6,84.5,76.3,16.276,4626.6,4603.3,-23.3,45.4,0.181,-14.5,-8.5,135471,110.5,23.9,38.9,1,0,0,high,-8.8,42.9
2026-01-13,1,1,28.4,-18.4,43.1,30.6,46.5,12.0,9.218,4619.5,4594.1,-25.4,67.3,0.259,19.4,-44.4,139994,16.2,-23.3,45.4,1,1,1,high,-44.8,44.12
2026-01-14,2,1,43.2,35.3,21.7,3.9,45.7,39.4,7.523,4643.7,4639.2,-4.5,44.6,0.747,-19.2,14.8,169297,49.6,-25.4,67.3,1,0,0,high,14.7,51.52
2026-01-15,3,1,38.4,-13.3,43.0,-14.8,43.0,-27.8,10.339,4591.6,4609.8,18.2,43.8,0.537,23.3,-5.0,92373,-47.6,-4.5,44.6,0,1,0,low,-5.1,51.34
2026-01-16,4,1,25.6,-2.7,34.5,-5.5,34.5,-8.5,7.855,4605.7,4587.3,-18.4,85.5,0.564,6.2,-24.1,139000,-4.1,18.2,43.8,0,1,0,low,12.5,48.0
2026-01-20,1,1,28.0,20.5,23.8,20.9,43.8,41.4,8.092,4742.3,4761.4,19.1,44.8,0.775,4.1,15.5,129656,155.0,-18.4,85.5,1,0,0,high,15.0,57.32
2026-01-21,2,1,116.6,77.9,29.6,25.4,116.6,102.7,14.767,4882.6,4830.0,-52.6,127.4,0.572,-28.9,-23.7,202460,121.2,19.1,44.8,1,0,0,high,-23.7,57.2
2026-01-22,3,1,68.4,53.6,29.9,-9.6,68.4,43.9,9.364,4823.5,4920.5,97.0,110.5,0.894,13.2,83.8,139182,-6.5,-52.6,127.4,1,0,0,high,39.7,69.22
2026-01-23,4,1,32.0,-15.7,47.5,-5.4,68.8,-21.4,11.089,4940.3,4981.4,41.1,57.9,0.827,3.8,37.8,128398,19.8,97.0,110.5,1,0,0,high,37.3,82.4
2026-01-26,0,1,79.9,47.0,45.4,-20.4,79.9,26.5,10.104,5065.7,5049.4,-16.3,100.3,0.466,28.0,-44.7,208692,84.3,41.1,57.9,1,0,0,high,-44.3,85.22
2026-01-27,1,1,89.0,43.9,34.1,-7.7,89.0,36.1,12.486,5073.7,5174.7,101.0,142.2,0.933,-24.1,125.5,172889,24.3,-16.3,100.3,1,0,0,high,0.0,88.18
2026-01-28,2,1,133.2,116.9,74.0,13.2,190.2,129.3,16.954,5299.0,5409.4,110.4,158.6,0.901,19.8,90.7,210934,124.3,101.0,142.2,1,0,0,high,90.6,107.66
2026-01-29,3,1,153.5,38.5,83.8,-38.1,153.5,0.4,20.529,5540.7,5423.3,-117.4,455.3,0.653,-15.4,-102.0,288024,131.3,110.4,158.6,1,1,1,high,-102.0,113.9
2026-02-03,1,2,187.5,141.3,72.5,17.8,209.2,159.3,28.328,4958.7,4967.5,8.8,117.6,0.57,-19.5,28.4,116891,282.4,-1.1,82.5,1,0,0,high,28.3,182.86
2026-02-04,2,2,146.6,136.9,77.9,-29.3,147.0,107.1,21.735,5077.8,4961.6,-116.2,214.8,0.437,-69.4,-45.7,135348,110.3,8.8,117.6,1,1,1,high,-46.8,194.8
2026-02-05,3,2,236.9,-98.9,140.0,-75.9,236.9,-175.0,48.637,4858.0,4833.6,-24.4,115.4,0.165,9.8,-32.9,87914,-103.6,-116.2,214.8,0,1,0,low,-34.2,217.7
2026-02-06,4,2,251.6,140.3,111.5,89.4,291.0,229.0,30.554,4951.7,4977.2,25.5,79.4,0.768,20.8,6.4,56969,118.1,-24.4,115.4,1,0,0,high,4.7,212.34
2026-02-09,0,2,78.7,-30.3,60.0,2.1,78.7,-28.6,19.549,5028.4,5102.9,74.5,87.3,0.906,31.2,43.4,50971,51.2,25.5,79.4,1,0,0,high,43.3,196.5
2026-02-10,1,2,48.0,-1.1,43.3,19.6,54.3,17.7,11.952,5074.1,5052.9,-21.2,81.4,0.388,-11.1,-9.1,49965,-28.8,74.5,87.3,0,1,0,low,11.3,122.9
2026-02-11,2,2,42.4,14.0,108.2,10.7,108.2,24.9,15.019,5088.2,5111.4,23.2,64.7,0.815,-5.9,29.1,51057,35.3,-21.2,81.4,1,0,0,high,29.1,115.66
2026-02-12,3,2,34.3,1.8,36.1,12.5,41.7,14.7,10.051,5098.2,4935.1,-163.1,201.1,0.175,-31.2,-131.3,109908,-13.2,23.2,64.7,0,1,0,low,-41.2,85.64
2026-02-13,4,2,84.3,56.1,71.7,13.4,92.4,69.9,19.567,5007.2,5054.0,46.8,83.0,0.818,10.2,36.6,57012,72.1,-163.1,201.1,0,0,0,none,0.0,102.78
2026-02-17,1,2,97.1,-35.0,76.2,-46.6,97.1,-81.4,30.376,4888.7,4896.7,8.0,76.8,0.553,-7.4,15.9,59281,-165.3,46.8,83.0,0,1,0,low,15.4,103.5
2026-02-18,2,2,86.4,73.5,63.9,24.0,114.0,98.2,11.117,4975.0,5005.3,30.3,59.3,0.551,37.3,-6.8,46929,78.3,8.0,76.8,1,0,0,high,-7.0,101.4
2026-02-19,3,2,61.3,33.4,50.8,-11.4,62.4,22.0,11.774,5016.5,5020.6,4.1,60.8,0.635,8.1,-4.6,42901,11.2,30.3,59.3,1,0,0,high,-12.8,96.98
2026-02-20,4,2,49.6,18.9,44.9,37.9,69.4,57.1,12.486,5063.1,5119.4,56.3,115.2,0.989,11.7,45.8,76286,42.5,4.1,60.8,1,0,0,high,44.6,96.2
2026-02-23,0,2,53.7,-29.4,43.6,8.7,56.0,-20.8,12.655,5165.9,5255.6,89.7,95.8,0.982,47.6,42.5,64051,46.5,56.3,115.2,1,0,0,high,42.1,79.02
2026-02-24,1,2,93.3,-55.4,74.7,-66.3,130.5,-121.8,16.863,5132.0,5181.8,49.8,81.9,0.883,13.5,34.1,59811,-123.6,89.7,95.8,0,1,0,low,36.3,81.58
2026-02-25,2,2,75.7,38.7,43.4,0.0,75.7,38.6,10.353,5203.2,5169.9,-33.3,74.0,0.089,7.0,-39.4,49446,21.4,49.8,81.9,1,0,0,high,-40.3,82.6
2026-02-26,3,2,51.8,23.5,34.8,-20.5,51.8,3.2,11.624,5182.2,5213.5,31.3,73.4,0.936,-1.1,32.8,65423,12.3,-33.3,74.0,0,1,0,low,32.4,85.54
2026-02-27,4,2,34.6,-8.5,76.1,47.6,76.4,39.2,12.981,5240.8,5281.3,40.5,53.2,0.953,0.1,40.5,72459,27.3,31.3,73.4,1,0,0,high,40.4,88.06
2026-03-02,0,3,118.8,21.7,46.2,-13.0,118.8,8.5,17.944,5409.0,5346.1,-62.9,137.9,0.531,-62.6,0.0,95905,127.7,40.5,53.2,1,0,0,high,-0.3,75.66
2026-03-03,1,3,102.1,-19.3,267.6,-174.0,312.8,-193.4,41.946,5166.9,5109.3,-57.6,180.8,0.577,-118.9,60.5,112105,-179.2,-62.9,137.9,0,1,0,low,61.3,84.08
2026-03-04,2,3,86.4,43.7,60.5,0.2,104.0,44.0,15.043,5178.1,5146.8,-31.3,75.8,0.361,-22.4,-8.4,56545,68.8,-57.6,180.8,1,0,0,high,-8.9,103.86
2026-03-05,3,3,75.3,-5.1,107.0,-44.6,118.8,-50.0,16.328,5126.8,5086.6,-40.2,80.3,0.345,-16.0,-24.1,70045,-20.0,-31.3,75.8,0,1,0,low,-24.2,104.22
2026-03-06,4,3,77.3,32.7,69.0,-34.2,80.3,-1.7,16.183,5093.2,5161.4,68.2,93.9,0.761,46.1,22.1,76566,6.6,-40.2,80.3,1,0,0,high,22.1,105.6
2026-03-09,0,3,126.4,-35.5,54.0,-1.7,126.4,-37.2,22.906,5103.1,5150.5,47.4,87.8,0.952,-21.6,69.4,72558,-58.3,68.2,93.9,0,1,0,low,69.0,113.74
2026-03-10,1,3,61.8,21.7,38.4,12.4,70.0,34.6,16.506,5196.2,5207.0,10.8,79.7,0.477,18.0,-8.4,100406,45.7,47.4,87.8,1,0,0,high,-7.2,103.72
2026-03-11,2,3,36.9,8.6,37.8,-29.9,58.9,-22.1,8.516,5174.7,5191.0,16.3,48.4,0.725,9.6,7.0,70792,-32.3,10.8,79.7,0,1,0,low,6.7,83.5
2026-03-12,3,3,50.6,28.1,29.3,15.8,67.8,43.2,10.929,5187.5,5091.7,-95.8,108.0,0.067,-30.1,-65.3,77367,-3.5,16.3,48.4,0,1,0,low,-65.7,78.02
2026-03-13,4,3,43.8,-7.4,62.5,32.2,66.4,24.8,9.222,5124.6,5022.0,-102.6,113.8,0.069,-17.1,-85.1,84523,32.9,-95.8,108.0,0,1,0,low,-23.8,83.56
2026-03-16,0,3,69.7,-11.8,60.0,8.8,69.7,-3.1,16.686,5025.4,5019.3,-6.1,65.9,0.618,10.3,-16.5,71595,3.4,-102.6,113.8,0,1,0,low,18.5,87.54
2026-03-17,1,3,50.7,6.7,38.7,2.6,54.6,9.1,12.281,5016.6,5005.1,-11.5,59.7,0.471,5.3,-16.5,56396,-2.7,-6.1,65.9,0,1,0,low,2.5,83.16
2026-03-18,2,3,37.1,10.4,146.4,-129.7,149.0,-119.0,17.356,4884.0,4846.8,-37.2,67.4,0.144,-2.2,-35.1,93835,-121.1,-11.5,59.7,0,1,0,low,-35.0,79.16
2026-03-19,3,3,119.7,-71.3,252.9,-188.0,335.6,-259.2,25.232,4576.1,4647.9,71.8,161.9,0.883,47.9,23.0,140852,-270.7,-37.2,67.4,0,1,0,low,23.9,82.96
2026-03-20,4,3,102.4,31.6,98.1,9.1,102.4,40.3,22.08,4679.4,4503.8,-175.6,202.1,0.126,-62.4,-113.3,119374,31.5,71.8,161.9,1,1,1,high,-113.2,93.74
2026-03-23,0,3,345.2,-274.2,395.5,255.8,411.2,-18.7,60.247,4481.6,4401.5,-80.1,165.7,0.306,-24.0,-56.1,121982,-22.2,-175.6,202.1,0,1,0,low,-56.1,111.4
2026-03-24,1,3,144.2,-24.9,81.5,-23.8,144.2,-50.0,33.73,4379.0,4400.9,21.9,84.6,0.597,3.5,19.9,88265,-22.5,-80.1,165.7,0,1,0,low,18.4,131.36
2026-03-25,2,3,125.6,56.3,66.7,-1.5,125.6,54.9,22.965,4542.8,4528.7,-14.1,93.3,0.476,0.5,-14.6,101670,141.9,21.9,84.6,1,0,0,high,-14.6,136.34
2026-03-26,3,3,129.5,-61.0,51.2,-26.3,132.3,-87.1,27.358,4426.5,4361.3,-65.2,120.2,0.041,23.6,-89.1,117963,-102.2,-14.1,93.3,0,1,0,low,-88.8,141.52
2026-03-27,4,3,98.8,48.7,51.0,12.3,112.7,60.5,16.678,4465.5,4543.1,77.6,144.3,0.708,-6.9,82.6,113750,104.2,-65.2,120.2,1,0,0,high,3.0,133.18
2026-03-30,0,3,134.5,46.6,68.1,40.0,166.7,86.2,18.209,4599.9,4543.2,-56.7,86.3,0.238,-46.2,-10.0,62978,56.8,77.6,144.3,1,0,0,high,-10.5,121.62
2026-03-31,1,3,139.5,47.3,69.1,17.6,139.5,65.4,23.579,4605.4,4713.3,107.9,118.5,0.975,31.9,76.1,80786,62.2,-56.7,86.3,1,0,0,high,76.0,105.74
2026-04-01,2,4,66.9,48.0,55.9,-5.4,98.5,42.7,18.907,4752.0,4791.7,39.7,77.7,0.623,13.4,26.5,62317,38.7,107.9,118.5,1,0,0,high,26.3,112.52
2026-04-02,3,4,245.5,-177.2,58.2,3.6,245.5,-174.1,32.219,4628.3,4697.9,69.6,120.9,0.764,44.6,25.2,67743,-163.4,39.7,77.7,0,1,0,low,25.0,109.4
2026-04-06,0,4,78.2,17.9,62.8,9.6,106.9,27.7,15.339,4701.8,4682.2,-19.6,52.6,0.205,3.8,-25.2,35711,3.9,69.6,120.9,0,0,0,none,0.0,109.54
2026-04-07,1,4,50.6,-4.4,67.3,-8.6,79.8,-8.8,17.752,4676.2,4727.3,51.1,113.8,0.838,-7.6,58.8,64969,-6.0,-19.6,52.6,1,1,1,low,58.7,91.2
2026-04-08,2,4,70.8,1.8,53.6,-19.7,94.3,-17.7,11.966,4826.6,4755.3,-71.3,113.0,0.307,-22.5,-48.4,78625,99.3,51.1,113.8,1,0,0,high,-48.8,96.7
2026-04-09,3,4,38.0,-4.9,55.5,34.4,66.4,29.7,10.047,4771.3,4793.0,21.7,62.1,0.469,18.3,3.0,63556,16.0,-71.3,113.0,0,0,0,none,0.0,95.6
2026-04-10,4,4,40.0,-17.7,54.2,25.9,54.2,8.1,9.555,4795.4,4783.6,-11.8,51.6,0.295,3.9,-15.5,53447,2.4,21.7,62.1,0,0,0,none,0.0,92.48
2026-04-13,0,4,90.1,67.4,37.3,-2.1,97.9,65.4,12.074,4745.8,4765.5,19.7,51.9,0.829,7.5,12.3,59779,-37.8,-11.8,51.6,0,1,0,low,12.2,78.62
2026-04-14,1,4,30.8,23.4,47.1,-12.1,47.1,11.3,10.041,4793.0,4868.7,75.7,77.1,0.983,25.8,50.3,66710,27.5,19.7,51.9,1,0,0,high,49.9,78.48
2026-04-15,2,4,61.2,-24.2,37.0,-1.3,87.0,-25.2,9.838,4834.4,4818.3,-16.1,46.7,0.223,17.5,-33.4,41954,-34.3,75.7,77.1,0,0,0,none,0.0,71.14
2026-04-16,3,4,32.1,19.1,27.2,-10.2,35.7,8.6,8.521,4838.3,4814.5,-23.8,54.1,0.414,-22.4,-1.3,49957,20.0,-16.1,46.7,0,1,0,low,-1.4,57.88
2026-04-17,4,4,41.3,-10.1,70.6,63.0,84.9,53.4,14.191,4869.0,4875.5,6.5,60.8,0.306,34.1,-27.8,69343,54.5,-23.8,54.1,1,0,0,high,-27.6,56.28
2026-04-20,0,4,82.5,14.4,75.0,-56.3,127.6,24.4,29.801,4823.6,4834.8,11.2,36.0,0.636,15.2,-4.0,43574,-51.9,6.5,60.8,0,1,0,low,-4.0,58.12
2026-04-21,1,4,59.5,-51.9,36.4,1.3,70.9,-51.1,7.139,4797.6,4698.3,-99.3,128.0,0.098,0.6,-99.9,101174,-37.2,11.2,36.0,0,1,0,low,-99.9,54.94
2026-04-22,2,4,53.9,48.9,29.7,-23.3,54.8,25.5,8.001,4762.9,4759.0,-3.9,37.3,0.453,8.8,-12.5,39967,64.6,-99.3,128.0,0,0,0,none,0.0,65.12
2026-04-23,3,4,65.6,-13.4,61.7,27.8,71.3,14.2,14.998,4758.1,4712.8,-45.3,79.0,0.414,-16.1,-28.7,63476,-0.9,-3.9,37.3,0,1,0,low,-29.2,63.24
2026-04-24,4,4,54.5,-21.6,47.7,29.8,61.7,8.2,13.479,4717.2,4732.1,14.9,51.7,0.516,10.7,4.1,41034,4.4,-45.3,79.0,0,0,0,none,0.0,68.22
2026-04-27,0,4,59.2,28.5,21.5,-13.3,59.2,15.0,8.378,4714.8,4696.2,-18.6,37.7,0.398,-3.2,-15.0,39845,-17.3,14.9,51.7,0,1,0,low,-15.4,66.4
2026-04-28,1,4,80.0,-60.6,85.7,-35.2,148.9,-95.9,17.768,4607.0,4609.6,2.6,45.9,0.863,-13.6,16.6,51269,-89.2,-18.6,37.7,0,1,0,low,16.2,66.74
2026-04-29,2,4,35.2,-10.2,50.3,-40.7,71.4,-50.9,10.887,4558.4,4560.8,2.4,56.1,0.688,-23.7,26.1,66875,-51.2,2.6,45.9,0,1,0,low,26.1,50.32
2026-04-30,3,4,51.5,37.1,62.3,50.6,106.6,87.9,12.557,4652.5,4630.0,-22.5,40.6,0.296,-29.4,6.8,43689,91.7,2.4,56.1,1,0,0,high,6.9,54.08
2026-05-01,4,5,45.9,-36.4,49.3,-3.9,78.1,-41.1,9.18,4601.6,4623.0,21.4,76.1,0.343,35.9,-13.9,48464,-28.4,-22.5,40.6,1,1,1,low,-14.5,46.4
2026-05-04,0,5,37.9,-30.3,69.4,-19.9,97.4,-50.7,6.604,4579.6,4527.6,-52.0,84.6,0.207,-4.6,-47.3,61360,-43.4,21.4,76.1,0,1,0,low,-47.4,51.28
2026-05-05,1,5,38.8,30.7,35.4,16.8,62.7,47.9,8.211,4575.0,4566.0,-9.0,35.2,0.105,14.8,-24.3,41622,47.4,-52.0,84.6,1,0,0,high,-23.8,60.66
2026-05-06,2,5,100.8,96.0,66.1,14.6,155.2,110.9,12.829,4694.1,4703.0,8.9,49.2,0.478,19.4,-10.4,49947,128.1,-9.0,35.2,1,0,0,high,-10.5,58.52
2026-05-07,3,5,65.4,44.9,31.6,12.3,69.6,56.4,13.53,4760.2,4712.9,-47.3,80.9,0.23,-3.7,-43.1,85260,57.2,8.9,49.2,1,0,0,high,-43.6,57.14
2026-05-08,4,5,49.6,39.9,35.4,0.1,49.6,39.7,10.912,4733.4,4733.4,0.0,48.9,0.448,24.4,-24.4,57442,20.5,-47.3,80.9,0,0,0,none,0.0,65.2
2026-05-11,0,5,59.0,-13.3,51.5,21.8,59.0,8.7,12.874,4708.9,4743.5,34.6,51.1,0.708,36.8,-2.2,63817,-24.5,0.0,48.9,0,1,0,low,-2.2,59.76
2026-05-12,1,5,81.8,-55.1,27.4,8.8,91.0,-46.7,10.727,4713.6,4723.2,9.6,78.1,0.999,-26.6,36.7,67945,-29.9,34.6,51.1,0,1,0,low,36.2,53.06
2026-05-13,2,5,38.8,-14.7,36.2,-19.1,52.8,-33.8,5.745,4690.6,4696.1,5.5,41.9,0.48,-4.4,9.9,53340,-32.6,9.6,78.1,0,0,0,none,0.0,61.64
2026-05-14,3,5,46.5,1.0,31.2,5.1,52.6,5.6,11.538,4712.2,4659.5,-52.7,57.2,0.026,-27.0,-25.5,47438,16.1,5.5,41.9,0,1,0,low,-25.7,60.18
2026-05-15,4,5,110.0,-91.9,58.4,-23.7,134.7,-116.2,15.588,4550.1,4549.8,-0.3,57.1,0.63,-12.8,12.9,60064,-109.4,-52.7,57.2,0,1,0,low,12.5,55.44
2026-05-18,0,5,72.5,0.3,45.9,24.2,95.9,25.0,11.328,4575.4,4562.9,-12.5,52.4,0.51,4.5,-17.0,62165,25.6,-0.3,57.1,1,0,0,high,-17.0,57.08
2026-05-19,1,5,59.3,-26.9,34.1,-8.8,64.6,-36.6,9.473,4540.4,4487.0,-53.4,73.9,0.269,-33.7,-19.6,74702,-22.5,-12.5,52.4,0,1,0,low,-19.7,57.34
2026-05-20,2,5,57.0,-9.8,33.6,22.6,57.0,12.5,8.885,4499.0,4548.1,49.1,89.3,0.885,-13.3,62.6,73002,12.0,-53.4,73.9,1,0,0,high,16.0,56.5
2026-05-21,3,5,53.4,-17.8,42.8,-17.9,71.0,-35.9,11.648,4505.1,4544.1,39.0,72.9,0.765,8.6,30.0,82386,-43.0,49.1,89.3,1,0,0,high,-9.0,65.98
2026-05-22,4,5,37.6,-16.7,26.2,2.3,37.6,-14.9,9.31,4529.6,4510.0,-19.6,47.7,0.461,-15.1,-4.5,53409,-14.5,39.0,72.9,0,1,0,low,8.6,69.12
2026-05-26,1,5,20.2,-10.9,40.7,-11.2,43.4,-22.0,13.258,4520.6,4508.7,-11.9,52.3,0.549,-6.0,-6.4,90181,10.6,-19.6,47.7,0,1,0,low,18.7,67.24
2026-05-27,2,5,49.6,-27.8,75.2,-15.9,75.2,-42.9,17.204,4469.2,4483.0,13.8,59.0,0.881,-11.0,24.9,90973,-39.5,-11.9,52.3,0,1,0,low,24.8,67.22
2026-05-28,3,5,93.9,-74.4,58.5,48.3,93.9,-25.8,19.711,4462.3,4528.7,66.4,99.1,0.814,-1.7,68.6,72613,-20.7,13.8,59.0,1,0,0,high,28.4,64.24
2026-05-29,4,5,35.4,31.9,34.4,-0.2,54.9,31.5,8.508,4553.6,4576.8,23.2,79.6,0.368,13.7,9.8,66655,24.9,66.4,99.1,1,0,0,high,9.5,66.2
2026-06-01,0,6,48.2,-34.5,24.2,0.4,58.7,-34.2,6.629,4532.3,4511.1,-21.2,57.8,0.607,-52.2,32.0,62897,-44.5,23.2,79.6,0,1,0,low,31.0,67.54
2026-06-02,1,6,76.5,50.7,28.5,-21.8,79.0,28.7,9.727,4544.3,4517.7,-26.6,46.4,0.209,-12.2,-14.3,39449,33.2,-21.2,57.8,1,0,0,high,-14.4,69.56
2026-06-03,2,6,41.4,-22.5,33.3,-2.8,57.9,-25.6,9.292,4488.5,4472.0,-16.5,40.5,0.444,-13.3,-1.9,40218,-29.2,-26.6,46.4,0,1,0,low,-3.2,68.38
2026-06-04,3,6,41.2,19.2,57.0,36.6,72.4,56.1,13.31,4531.6,4508.9,-22.7,59.4,0.423,-7.9,-14.5,49539,59.6,-16.5,40.5,1,0,0,high,-14.8,64.68
2026-06-05,4,6,46.3,-17.3,72.7,-47.8,72.7,-64.9,18.019,4432.0,4343.5,-88.5,108.3,0.048,-41.5,-46.9,104149,-76.9,-22.7,59.4,0,1,0,low,-47.0,56.74
2026-06-08,0,6,84.5,-16.2,67.7,32.9,84.5,16.5,14.001,4358.1,4350.3,-7.8,32.5,0.348,-6.3,-1.0,51473,14.6,-88.5,108.3,0,0,0,none,0.0,62.48
2026-06-09,1,6,39.7,3.5,24.5,11.0,39.7,14.5,7.624,4366.1,4282.7,-83.4,128.7,0.177,-12.9,-70.2,86274,15.8,-7.8,32.5,1,1,1,high,-70.5,57.42
2026-06-10,2,6,76.4,-33.0,79.0,-57.1,118.6,-90.5,15.471,4170.1,4106.2,-63.9,104.5,0.011,32.9,-96.4,91371,-112.6,-83.4,128.7,0,1,0,low,-96.8,73.88
2026-06-11,3,6,92.3,46.5,55.6,-13.1,92.3,33.3,15.326,4102.7,4229.9,127.2,168.5,0.932,1.6,125.9,96319,-3.5,-63.9,104.5,1,1,1,low,125.6,86.68
2026-06-12,4,6,75.1,-59.1,58.5,6.8,76.1,-52.2,13.748,4212.1,4231.9,19.8,59.3,0.58,-5.4,24.5,60661,-17.8,127.2,168.5,1,0,0,high,-0.5,108.5
2026-06-15,0,6,55.5,23.5,44.7,41.3,69.5,64.9,10.148,4370.4,4342.4,-28.0,53.3,0.079,6.4,-34.3,53003,138.5,19.8,59.3,1,0,0,high,-34.4,98.7
2026-06-16,1,6,26.7,11.3,33.0,30.8,49.1,42.2,7.787,4375.9,4355.6,-20.3,42.8,0.512,-23.2,3.1,41844,33.5,-28.0,53.3,0,1,0,low,11.2,102.86
2026-06-17,2,6,32.7,-3.6,19.6,2.2,34.2,-1.5,5.861,4353.4,4254.3,-99.1,166.2,0.102,6.4,-105.3,115359,-2.2,-20.3,42.8,1,1,1,high,-109.8,85.68
2026-06-18,3,6,67.0,40.9,71.8,-61.3,92.3,-20.6,13.446,4265.0,4236.2,-28.8,75.9,0.209,10.5,-39.1,61035,10.7,-99.1,166.2,0,1,0,low,-2.5,98.02
2026-06-22,0,6,85.2,42.6,60.8,-4.6,85.2,38.6,18.793,4211.6,4209.4,-2.2,56.6,0.645,6.9,-9.3,45026,-24.6,-28.8,75.9,0,1,0,low,-9.1,79.5
2026-06-23,1,6,88.1,-75.1,42.9,-0.9,107.8,-76.5,12.716,4131.1,4129.6,-1.5,40.7,0.167,23.0,-23.5,49376,-78.3,-2.2,56.6,0,1,0,low,-24.5,78.96
2026-06-24,2,6,62.7,-17.0,104.5,-99.9,126.4,-116.9,17.189,4004.1,4004.9,0.8,83.3,0.351,50.8,-50.0,99087,-125.5,-1.5,40.7,0,1,0,low,-50.0,76.44
2026-06-25,3,6,57.6,-19.8,48.5,35.7,58.8,15.7,13.336,4028.2,4041.6,13.4,44.9,0.59,-10.7,23.7,69210,23.3,0.8,83.3,1,0,0,high,-2.4,84.54
2026-06-26,4,6,50.9,5.9,35.5,26.2,78.6,32.7,13.054,4074.1,4086.2,12.1,53.8,0.53,14.6,-2.4,54975,32.5,13.4,44.9,1,0,0,high,-2.5,60.28
2026-06-29,0,6,36.6,-3.2,45.1,-19.7,52.3,-22.4,8.485,4057.8,4030.4,-27.4,54.2,0.339,-11.4,-16.2,44786,-28.4,12.1,53.8,0,1,0,low,-16.0,55.86
2026-06-30,1,6,92.4,14.5,29.7,-19.8,96.4,-5.1,19.344,4023.7,4030.2,6.5,55.2,0.132,20.2,-14.2,49593,-6.7,-27.4,54.2,1,0,0,high,-21.8,55.38
2026-07-01,2,7,55.9,-41.5,76.4,51.8,76.4,10.3,11.914,4036.8,4052.3,15.5,104.4,0.246,67.4,-52.5,74460,6.6,6.5,55.2,1,0,0,high,-51.9,58.28
2026-07-02,3,7,49.7,29.4,84.5,44.5,111.4,73.7,15.901,4130.8,4134.0,3.2,44.1,0.476,19.0,-15.6,51108,78.5,15.5,104.4,1,0,0,high,-15.8,62.5
2026-07-06,0,7,59.1,-38.7,44.0,-10.6,72.2,-49.2,9.187,4151.9,4175.5,23.6,46.7,0.747,1.1,23.0,37265,17.9,3.2,44.1,1,0,0,high,22.5,62.34
2026-07-07,1,7,48.9,-33.7,56.4,42.2,59.3,8.7,8.946,4184.1,4125.1,-59.0,89.7,0.25,-14.1,-44.6,54486,8.6,23.6,46.7,1,1,1,high,-44.9,60.92
2026-07-08,2,7,38.4,25.0,89.0,-51.5,94.7,-26.1,18.873,4082.5,4090.2,7.7,69.1,0.835,-0.9,9.1,75401,-42.6,-59.0,89.7,0,1,0,low,8.6,68.02
2026-07-09,3,7,54.3,31.4,29.6,0.4,69.0,31.4,9.35,4117.5,4132.4,14.9,31.8,0.497,14.2,1.1,52885,27.3,7.7,69.1,1,0,0,high,0.7,70.8
